id,title,content,category,created_date,crawled_date,department
127160,"인공지능학과 진학설명회 (인사캠 5/19(월), 자과캠 5/22(목))","ㅇ 일시 및 장소 
 - 인문사회캠퍼스 5/19 (월) 17:00~,  국제관 9B217호
  -자연과학캠퍼스  5/22(목) 17:00~, 제2공학관 26421호eee ern        OCU
과학기술정보통신부 지원
Co) Bey bated | ed fed as fe:
인공지능학과 진학설명회
[학석사연계과정, 석사 ㆍ박사과정, 2025-2 수시전형모집]
 2025. 05. 19. [월] 17:00~
캠퍼스 ㅣ 국제관 98217호
  2025. 05. 22.[ AU
배수
  인공지능학과 소개 및 진학 ㆍ
[학과/연구내용 소개, 장학예택 등]
나   로시
~
SS A  % =
참가자혜택 현장 참여자 전원 커피쿠폰 제공             ore Be
주첨을 통한 헤드셋/갤력시버즈3 제공         사전접수 매코드
cD gases o""  oe
 문의 | 인공지능학과              Lb eel oe
ee aaa
200 eo <,    배인      =
ad      Oe 7 +i hited yes
eer Ya          aoeaee
= \\",[행사/세미나],2025-05-19,2025-05-20 00:06:29,홈페이지 공지사항
127314,"[SW중심대학사업단] 글로벌 IT전문가와 킹고인의 만남 시즌2 예순아홉 번째 만남(5/28, 수, 12시)","[69회] 글로벌 IT전문가와 킹고인의 만남 시즌2 예순아홉 번째 만남

""불안한 미래, 흔들리지 않는 멘탈 관리법""

I am a boy부터 구글러까지 10년, 커리어 목표를 향한 수많은 도전 속에서
길을 잃지 않도록 도왔던 멘탈 관리의 중요성과 실제 경험을 공유합니다.

이번 강연에서는 한국 게임 기획자에서 캐나다 이민 후 학부부터 다시 시작,
현재 Google시애틀의 Govermance에 대한 다른 개발자분들께 알리는 일을 하고 있습니다.

'내가 잘 가고 있는 걸까?'
끊임없는 경쟁과 변화 속에서 커리어에 대한 불안을 안고 있다면 이 강연을 놓치지 마세요.
임현욱님의 파란만장했던 커리어 여정과
그 속에서 중심을 잡았던 멘탈 관리 경험을 직접 들어보세요.

일시: 2025년 5월 28일 (수) 12:00~13:00

장소
오프라인: (자)성균관대학교 산학협력센터 6층 85601호
온라인: 신청 이메일로 참여 링크 별도 발송

강연자: 임현욱 개발자

주제: 불안한 미래, 흔들리지 않는 멘탈 관리법

강연 참여:
오프라인 강연 참여(20명 선착순) : (자)성균관대학교 산학협력센터 6층 85601호 
온라인 강연 참여 : 신청자에 한하여 신청 이메일로 강연링크 발송
**오프라인 참여 학생: 약속을 지키는 성균인! NoShow 불가

참석혜택
1. 오프라인 참석 학생들에게 간단 도시락 증정(종료 후)
2. 온/오프 참석 전원 AI품 비교과 1시간 인정
3. 온/오프 참석 전원 킹고코인 마일리지 1000코인 부여

NEW 신청가이드: https://www.notion.so/1f61152c669c8086b332cec6bbbd871a
신청하기: https://link24.kr/8Tqdy52

[문의] SW중심대학사업단 031-290-7188
[붙임] 글로벌 IT전문가와 킹고인의 만남 시즌2_69회차 포스터<>
OnCampus +
~           |                                         ~           7
~     글로벌                                                  고 L
—_       a éa ~. Y
—/ ate
oy  우오! 불안한 미래, 흔들리지 않는 멘탈 관리법>
""Lam a 503부터 구글러까지 10년. 커리어 목표를 향한 수많은 도전 속에서
길을 잃지 않도록 도왔던 멘탈 관리의 중요성과 실제 경험을 공유합니다.""          ss
이번 강연에서는 한국 게임 기획자에서 캐나다 이민 후 학부부터 다시 시작,              ㆍ
현재 600816시애틀의 2661006『 ^00008【6로일하고 계신 임현욱님을 모셨습니다.
AUS YS Google Cloud) 43 71Z,
ys        특히 0048 0016000060에대해 다른 개발자분들께 알리는 일을 하고 있습니다.
'내가 잘 가고 있는 걸까?'
픔임없는 경쟁과 변화 속에서 커리어에 대한 불안을 안고 있다면 이 강연을 놓치지 마세요.
                         임현욱님의 파란만장했던 커리어 여정과
그 속에서 중심을 잡았던 멘탈 관리 경험을 직접 들어보세요.                4
나스    ㄴ 7
=                   이 65656
세        2 Google 3) aim)
3       & ATI
연자: 임       빌                    =
é            \    강연자: 임현욱 개발자      미지 Ww
일시: 2025.5.28.(수)12:00~13:00        feat         ~
장소: 산학협력센터 6층 85601호  ， 부란
\                 ‘nan
2                          온라인: 별도 강연 초청 링크 발송   0
          $             @                       \          e
~ wh                  _            4e ww 놈                  _",[행사/세미나],2025-05-19,2025-05-20 00:06:29,홈페이지 공지사항
127043,[성균융합원] 2025학년도 2학기 융합연구학점제 시행 안내(신청 ~6/8),"“다양한 전공의 만남, 새로운 프로젝트의 시작”

성균융합원에서 2025학년도 2학기 융합연구학점제를 실시하오니, 많은 관심과 참여 바랍니다.
융합연구학점제를 통해 학술연구, 사회문제 해결, 생성형 AI를 활용한 창의적 콘텐츠 제작 등 창의적이고 도전적인 연구를 수행하길 적극 응원합니다.

○ 융합연구학점제 홍보 콘텐츠
* 융합연구학점제 참여 학생들의 솔직한 찐리뷰! https://urp3.skku.edu/urp3/notice.do?mode=view&articleNo=186410
* 융합연구학점제 어떻게 수행하는 걸까? https://urp3.skku.edu/urp3/index.do
* 융합연구학점제 소개 영상 https://www.youtube.com/watch?v=yALtHf8s2mM

○ 융합연구학점제(URP Ⅲ형) 개요
 1. 융합연구학점제란?
    다양한 전공의 학생들이 모여 한 학기(정규학기) 동안 ‘자기주도적 문제발굴 – 탐구 및 해법 모색 – 결과물 생성’의
    일련의 과정을 지도교수와 함께 수행하고, 이를 학점으로 인정(일반선택학점 3학점) 받는 제도
 2. 프로젝트 유형
    1) 학술연구(조사, 분석/실험, 실습)
      ※ 단, 특정 연구실에서 일정 시간 동안의 실험을 통해 도출한 결과에 의존하는 연구 주제는 지양할 것
    2) 발명, 발견/사업, 기획/창업
    3) 정책제안/사회문제해결
    4) 문화/예술 프로젝트(전시, 공연, 창작)
    5) 생성형 AI를 활용한 창의적 콘텐츠 제작

○ 혜택
 1. 학생
  1) 일반선택학점 3학점 취득
  ※ 전공 및 교양학점이 아닌 일반선택학점으로 총 이수학점에만 산입
  ※ 1개 학기에 1개 과목 이수 가능, 재학기간 중 총 2개 과목 이수 가능
  2) 3품인증제 인턴십 인증
  3) 우수 성과 시상: 상장(총장상, 성균융합원장상 등) 제공 및 상금(최대 100만원) 지급
  4) 연구 멘토링: 융합연구학점제 전담 연구원의 연구 코칭 및 멘토링 제공
 2. 교원: 담당하는 팀 1개당 학부 책임학점 1학점 인정, 연간 3학점까지 인정(지도교수 2인일 경우 교원 각 학부 책임학점 1학점씩 인정)
 ※ 단, 원소속이 ‘정보통신대학’인 전임교원은 책임학점이 인정되지 않음(비전임은 인정)
 ※ 단, 팀연구학점제(URPⅡ형)와 병행하는 해에는 융합연구학점제(URPⅢ형) 수업 연간 1개만 지도 가능

○ 신청자격
- 2025학년도 2학기 재학 학부생으로 구성된 팀

○ 연구방법
 1. 주제선정
  1) 학생 제안: 학생이 자유롭게 연구 주제를 정하고 연구제안서 작성 → 교수가 연구제안서 확인 후 수락하면 지도교수로 선정
  2) 교수 제안: 교수가 주제를 정해 연구제안서를 작성 → 융합연구학점제 홈페이지 통해 학생팀 모집
 2. 지도교수 선정(팀당 1~2명)
 - 지도교수는 학생연구팀 1개당 1명 이상의 전임교원으로 구성하며 최대 2명까지 가능(①전임1 ②전임1+전임1 ③전임1+비전임1 모두 가능)
 3. 학생 팀원 구성(다양한 전공 3~4명)
 - 다양한 전공의 3~4명 팀원으로 구성 (동일 전공 학생 2명으로 제한)
 ※ 팀 구성을 위한 참여 모집 게시판 운영 : 교수 및 학생 모두 연구주제 제안 및 팀 구성원 모집 등에 자유롭게 활용 (https://urp3.skku.edu/urp3/discussion.do)
 ※ 팀구성을 위해 위 게시판 외 SNS(에브리타임 등), LC모임, 동아리 등을 적극 활용 권장

○ 주요 일정
  1. 팀 구성 및 지도교수 선정: 2025. 5. 8.(목) ~ 6. 1.(일)
   1) 자발적 팀 구성
    - 학생들 스스로 수행팀 구성 + 주제 선정 + 지도교수 선정
   2) 성균융합원에 팀 매칭 신청
    - 팀원 모집에 어려움을 겪을 경우, 개인이 팀매칭 신청 → 성균융합원에서 팀 매칭
      ※ 팀 매칭 신청자 수가 적거나 매칭된 팀원들과 연구 주제 상의 중 의견이 일치하지 않을 경우 융합연구학점제 
            진행이 불가할 수도 있음
     ① 신청기간: 2025. 5. 8.(목) ~ 5. 18.(일)
     ② 신청방법: 구글폼 신청(링크: https://forms.gle/fj4ZXiaNjaMoYB6u5)
     ③ 팀 매칭 결과 안내: 2025. 5. 23.(금)
     ④ 팀 구성 이후 주제 및 지도교수 선정
  2. 신청 접수: 2025. 6. 2.(월) ~ 6. 8.(일)
    - GLS > 학업영역 > 학점인정 > 융합연구학점제신청
      ※ 팀장 1인이 팀 대표로 신청 및 팀원 정보 입력, [붙임]신청 매뉴얼 참고
  3. 최종 선정팀 발표: 2025. 6. 20.(금) 15:00(예정)
    - 신청한 GLS 화면에서 프로젝트 승인/반려 확인
    - 최종 선정된 학생들은 성균융합원에서 8월 중 직권 수강 신청이 가능하도록 수강신청 기간에 3학점을 비워놔야 함
    - 수강 취소는 원칙적으로 불가하며, 불가피한 상황으로 취소 희망 시 수강변경 기간 내 성균융합원으로 연락
    - 방학 중 선정팀 오리엔테이션 진행 및 연구 사전교육 프로그램 제공
  4. 프로젝트 수행: 2025. 9. 1.(월) ~ 2025. 12. 19.(금) (16주 운영)
    - 지도교수와 함께 매주 팀 활동을 진행하며, 학생들은 GLS 통해 매주 팀활동보고서(총 10회)를 제출
    - 연구주제 변경: 지도교수와 협의 후 변경 가능하나 수정 연구계획서 제출 필수(2025. 9. 26.(금)까지만 가능)
  5. 중간보고회: 2025년 10월 말 예정
   - 연구 수행 중간 점검 및 향후 연구 수행 관련 전문가 연구 멘토링 제공
  6. 성과보고회: 2025년 12월 말 예정
   - 결과보고서 및 최종 결과물 바탕 성과보고회 및 우수 사례 시상식 진행

○ 기타
기타 사항은 붙임 문건을 확인바라며, 문의사항이 있을 경우 성균융합원행정실로 문의 요망 (031-290-5703, urp3@skku.edu)

성균융합원장유합연구학점제
Sec»rrna’
ae
수                                                           4                             A, ©
다양한 젼공의 학생들이 모여 한 학기 동안 지도교수와 항께 연구를 수맹하고, 학점으루 인정 받는 제도
신청 기간ｌ 2025. 6. 2.(월) ~ 6. 8.(일)
.2025학년도 2악기 재악 학부생으로 구성된 팀             015 > 학업영역 > 융압연구학점제 신청
- 주제선정 자기주도적 주제 선정                        - 일반선택약점 3익점 취득
- 지도교수 선정: 1~2명                                     - 3풍인증제 인턴심 인증
- 학생 팀원 구성: 다양안 전공 3~4명                     - 우수 성과 시상(총장상 등) 및 상금 지급
- 전당 연구원의 연구 멘로링
팀 구성 및 지도교수 선정                                            ,
| + | xsosvent sus? So, sas ws
| 3 asesowe mw |
| 0000 96679009 00000 | 50@709@ |
ae eee
66성크란대학교  | 성균융합원",[학사],2025-05-19,2025-05-20 00:06:29,홈페이지 공지사항
127291,[국제처] 2025 TMU SR-ICYREB 국제학술대회 참가자모집 안내(학부생),"국제처에서 2025년 10월 베트남 하노이에 위치한 Thuongmai University(TMU)에서 개최되는 국제학술대회 SR-ICYREB 2025에 참가할 본교 학부생을 모집합니다. 
본 프로그램은 본교 학부생들의 글로벌 경제·경영 이슈에 대한 학문적 관심을 확장하고, 국제 무대에서 연구 발표 경험을 쌓을 수 있는 기회를 제공하고자 합니다. 
관심 있는 학생 여러분의 많은 지원 바랍니다.

□ 프로그램명 : 2025 TMU SR-ICYREB 국제학술대회
*SR-ICYREB: Student Research-International Conference For Young Researchers in Economics and Business
□ 방문일정 : 2025년 10월 9일(목) ~ 10월 11일(토) (2박 3일)
  1) 10월 9일 : 출국 및 하노이 시티 투어 / 갈라 디너 참석
  2) 10월 10일 : 국제학술대회 본행사 참가 및 논문 발표
  3) 10월 11일 : 귀국
□ 모집대상 : 2025학년도 2학기 학부 재학생(복학 예정자 포함, 휴학/수료생 신청 불가)
□ 모집인원: 4명 내외(개인별 신청, 팀단위 신청 불가)
□ 주요내용
  1) 연구 논문 작성 및 발표
  2) 국제학술대회 공식 세션 발표
  3) 베트남 대학생 및 해외 참가자와의 교류 활동
□ 지원사항
  1) 장학금 지급(1인당 150만원, 항공료/숙박비/식비 포함)
  2) 참가비(논문 제출비 등) 면제 
  ※ 여권 발급 비용 및 개인 경비(개인 쇼핑, 통신비 등)는 본인 부담
□ 논문 주제(Conference Topics)
 · 다음 주제 중 택일하여 작성 (경제·경영 관련 전 분야 포함):
  1) 디지털 전환, 통합, 지속 가능한 발전 맥락에서의 경제 및 무역 발전을 위한 정책 연구
  2) 전략경영, 운영관리, 재무관리, 인사관리, 회계 등 경영 및 비즈니스 활동 관련 연구
  3) 경제발전을 위한 제도·기술·인적자원 등의 활용 방안 연구
  4) 대학 내 혁신 생태계 조성을 위한 정책·계획·실천 방안 연구
  5) 기타 관련 주제
□ 논문작성 양식
  1) 논문은 영문으로 작성하며, 최대 10,000단어 이내 (참고문헌 및 부록 포함), A4 용지 사용
  2) 글꼴: Times New Roman, 크기: 12pt, 줄간격: 1.5, 여백: 2.5cm
  3) 인용 및 참고문헌 양식: APA 7판(7th edition) 양식
  4) 초록(Abstract): 150~200단어, 글꼴 크기 11pt, 이탤릭체
  5) 키워드(Keywords): 3~5개, 볼드체
  6) 논문 양식 템플릿: 첨부파일 참고
□ 신청기한 : 2025년 5월 30일(금) 23:59까지
□ 선발 시 의무사항
  1) 논문 제출 마감일(2025년 8월 8일)까지 논문 작성 및 제출
  2) 사전 오리엔테이션 및 준비 모임 참석
  3) 행사 전후 지정 일정 및 활동 필수 참여
□ 신청방법 : 참가신청서(첨부파일) 작성 후 이메일 제출(제출처: hyunwoo63@skku.edu)
□ 문의사항 : 성균관대학교 국제교류팀 (Tel: 02-760-0151, Email: hyunwoo63@skku.edu)2025.10. 9. (목) ~ 10. 11. (토) 2박 3일           2025학년도 2학기 학부 재학생
'- 10월 9일: 출국 및 하노이 시티 투어 / 갈라 디너 참석 ㅣ (복학 예정자 포함, 휴학/수료생 신청 불가)
- 10월 10일: 국제학술대회 본행사 참가 및 논문 발표
- 10월 11일: 귀국
명 내외(개인별 신청, 팀단위 신청 불가)
1) 연구 논문 작성 및 발표
2) 국제학술대회 공식 세션 발표                                 ”
5) where chery! afela7ia}o}o| ae          잠가신청서(점부파일) 작성하여
2025. 5. 30. (금) 23:59까지 이메일 제출
* 제출처: 11740\006306591104.604
장학금 150만원 지급(항공료/숙박비/식비 포함)         이외 세부사항 본문 참고",[채용/모집],2025-05-19,2025-05-20 00:06:29,홈페이지 공지사항
127015,[인공지능혁신융합대학사업단] 05월 김준익 교수 전문가 특강 안내,"안녕하세요, 인공지능혁신융합대학사업단입니다.

건국대학교 경영학과 학장이신 김준익 교수님을 모시고 전문가 특강을 개최합니다. 
이번 특강에서는 ‘AI의 경영전략적 접근’을 주제로, 빠르게 변화하는 인공지능 시대에 기업과 경영자가 어떻게 전략적으로 AI를 활용할 수 있을지에 대한 깊이 있는 인사이트를 제공합니다.

AI가 기업 경영에 미치는 영향과 경영학적 관점에서 바라본 AI의 전략적 활용, 그리고 미래 비즈니스 환경에서 요구되는 혁신적 사고를 김준익 교수님과 함께 고민해보는 소중한 시간이 될 것입니다.
AI와 경영의 만남이 궁금하다면 5월에 진행되는 이번 특강에 많은 관심과 참여 부탁드립니다!

<인공지능혁신융합대학사업단 2025년 05월 21일(수) 전문가 특강 >  
□ 명사 : 건국대학교 김준익 교수 
□ 주제 : AI의 경영전락적 접근
□ 일시 : 2025년 05월 21일 수요일 
□ 시간 : 15:00~17:00
□ 장소 : 성균관대학교 인문사회과학캠퍼스 호암관 50213호
□ 혜택 : 참석자 전원 다과 제공
                 참석자 중 만족도 조사 참가자 스타벅스 기프트콘 제공
□ 참가방법 : 참가신청 QR코드 접속(포스터 확인해주세요.)  
                          https://forms.gle/qHJ8nq9nKgsWQRBJ9
□ 참가확인서 
   - 만족도 조사 참여자 중 참가확인서 발급 요청자
□ 문의: 02-740-1633, s33367183@skku.edu성균관대학교      y
=               Sa

인공지능혁신용합대학사업단

2025년 05월 전문가 특강
명사 :건국대학교 김준익 교수
— Junic KIM. PhD. FRSA                                                    내
— Associate Professor                                            ~~
-PhD in Business and Management _                       1
— Strategy & International Business
— Chair, Department of Business Administration
특강안내
주제 : 시의 경영전략적 접근     나소
일시: 2025년 05월 21일(수) ：、 0 0 !
시간: 15:00 ~ 17:00        \ ee

www ww aN

BA : Borat 502139      사전신청
메택 : 참석자 다과제공

[강연 후 만족도 조사 참가자 스타벅스 기프,

문의: 02-740-1633",[행사/세미나],2025-05-19,2025-05-20 00:06:29,홈페이지 공지사항
127308,성균관대학교 진화유전체학 연구실 연구행정인력 모집(~5.26),"성균관대학교 진화유전체학 연구실에서 연구 행정인력을 다음과 같이 모집합니다.

1. 모집분야: 연구 행정(1명)

2. 담당업무: 대형 과제 연구비 관리 및 연구실 행정 업무 

3. 지원자격
- 4년제 대학 졸업 이상자
- 한글, MS word, Excel 등 OA 사용 가능
- 학교 행정 업무 경력 우대

4. 근무조건
- 근무시작일: 2025년 6월 1일(목) 조정 가능
- 근무시간: 월~금, 9:00 ~ 17:30 (주 5일)
- 근무처: 성균관대학교 자연과학캠퍼스 제2과학관
- 급여: 내부규정을 근거로 연구책임자와 협의 후 결정, 4대보험 가입, 1년이상 근무시 퇴직금 지급

5. 모집전형일정
- 접수기간: 2025년 5월 20일(화) ~ 2025년 5월 26(월) 
- 접수방법: 이메일 접수만 가능 eunju17@skku.edu
- 제출서류: 이력서 1부(자유양식, 사진첨부), 자기소개서 1부, 개인정보 수집·이용 동의서 (파일첨부)
                     학력 졸업증명서 제출 (최종 합격자에 한하여 경력증명서 등 채용관련서류 추후 제출) 
- 채용방법: 서류전형 및 면접(서류전형 합격자에 한해 면접대상자 개별 통보)

6. 기타
- 본교 인사 규정상 결격사유가 없어야 함.
- 기재사항 및 제출서류가 허위로 작성된 경우, 채용이 취소될 수 있음.
- 제출된 서류는 반환하지 않으며 채용절차 완료 후 일괄 폐기.
- 불합격자에 대한 별도의 통보는 없음.",[채용/모집],2025-05-19,2025-05-20 00:06:29,홈페이지 공지사항
127235,"[인사캠] 2025년 6월 체력증진센터(경영관, 600주년기념관) 회원모집 안내","----------------------------------------

★ 필독(Must Read) ★


□ 수료생 및 연구등록생
 - 이용자의 편의를 위해 2025년 6월 회원모집부터 수료생 및 연구등록생의 등록기간·방법을 기존 재학생(휴학생)과 동일하게 진행합니다.

 ※ 신청 기간: ‘Ⅲ. 신청 안내 → 1. 신청 기간 → 가. 재등록 / 나. 신규등록’ 확인
 ※ 신청 방법: ‘Ⅲ. 신청 안내 → 2. 신청 방법 → 가. 학부·대학원 학생(재학생, 휴학생, 수료생, 연구등록생)‘ 확인


□ Exchange or Language School Students
 - For the convenience of users, the application method for exchange or language school students will be changed to online from May 2025. (On-site application is not allowed)

Please refer to the details below for more information.

 ※ Period: Check ‘Ⅲ. 신청 안내(Application Guide) → 1. 신청 기간(Application period) → 다. Exchange or Language School Students’
 ※ How to apply: Check ‘Ⅲ. 신청 안내(Application Guide) → 2. 신청 방법(How to apply) → 다. Exchange or Language School Students’

----------------------------------------


성균관대학교 인문사회과학캠퍼스 체력증진센터 2025년 6월 회원을 아래와 같이 모집하오니 교내 구성원 여러분들의 많은 이용 바랍니다.



Ⅰ. 등록기준일 : 2025년 6월 1일(일)
                              ※ 휴관일 – 6/3(21대 대통령선거), 6/6(현충일)


Ⅱ. 모집 안내

 1. 경영관 체력증진센터
  가. 위 치: 경영관 지하 4층(학생, 교직원 등)
  나. 운영시간: [월~금] 07:00~21:00 / [토] 09:00~14:00, 일요일·공휴일 휴무
                           ※ 입장 마감 - [월~금] 20:30 / [토] 13:30
  다. 이용요금
   1) 학 생: 1개월 35,000원 / 3개월 80,000원
   2) 교직원: 1개월 45,000원 / 3개월 110,000원
   3) 개인사물함: 1개월 5,000원 / 3개월 15,000원
                              ※ 희망자에 한하여 등록 개월 수와 동일하게 신청 가능(기간 초과 시 이용 불가)

 2. 600주년기념관 체력증진센터
  가. 위 치: 600주년기념관 지하 2층(교직원, 강사, 연구원)
  나. 운영시간: [월~금] 07:00~20:00 / 토요일·일요일·공휴일 휴무
                           ※ 입장 마감 - [월~금] 19:30
  다. 이용요금: 1개월 35,000원 / 3개월 85,000원 / 6개월 160,000원 / 12개월 300,000원

 3. 센터 이용 안내
  가. 회원 확인
    1) 헬스만 이용하는 회원
          - 반드시 모바일(KINGO-M) 신분증으로 회원 확인 후 이용(실물 신분증 X)
    2) 헬스와 사물함을 모두 이용하는 회원
          - 보관용 신분증과 모바일(KINGO-M) 신분증 모두 확인 후 이용
          - 안내데스크에 신분증을 맡긴 후 열쇠를 수령하여 입장하고 퇴장 시에 반드시 반납
    ※ 신분증에 사진이 없거나 확인이 안 될 시 입장 불가
    ※ 본인 외 열쇠 대여 및 사물함 번호 이동 불가
  나. 이용수칙 및 벌점제 운영 안내(상세 내용은 센터 내에 게시한 안내문을 참고)
     - 회원권 대여·도용 금지
     - 영리 목적의 무허가 개인 PT 금지
     - 성희롱, 폭행, 흡연, 음주 금지
     - 물품 판매, 문서 배포 등의 행위 금지
     - 타인 또는 센터 내 물품 절도 금지
     - 센터 시설 및 운동기구 파손 금지
     - 운영시간 엄수
     - 센터 내 개인 물품 보관 금지(개인 사물함은 예외)
     - 욕설, 고성방가, 음식물 반입 등 운동환경 저해 금지
     - 실내용 운동화를 착용하고 입장
     - 사용한 수건 수거함에 반납
     - 목적에 부합하는 운동기구 사용
     ※ 벌점 100점 이상 누적 시 즉시 회원권 박탈 및 3개월 이상의 이용·등록 금지의 징계

 4. 기타 사항: 수건은 1인당 1개만 지급(기타 용도로 사용하는 수건은 개인 지참)


Ⅲ. 신청 안내(Application Guide)

 1. 신청 기간(Application period) ※ 해당 기간 외 추가 등록 불가
  가. 재등록
   1) 대 상: 2025년 5월 31일(토) 사용종료 예정으로 회원권 연장을 희망하는 이용자
                   ※ 사용종료일 확인 방법
                         - 교직원: 정보광장(ASIS) → 행정서비스 → 기타신청업무 → 피트니스 신청 및 조회 → '조회' 클릭
                         - 학생: GLS → 신청자격관리 → 학생생활관련신청 → 피트니스 신청 및 조회 → '조회' 클릭
   2) 기 간: 2025. 5. 22.(목) ~ 23.(금) 09:00 ~ 17:00, GLS/정보광장(ASIS)에서 신청
  나. 신규등록
   1) 대 상: 현재 회원권을 보유하고 있지 않은 본교 구성원
   2) 기 간: 2025. 5. 26.(월) ~ 27.(화) 09:00 ~ 17:00, GLS/정보관장(ASIS)에서 신청
                   ※ 선착순 모집으로 조기 마감될 수 있음
                         단, 5/26(월) 신청자 중 미수납자에 대한 정원이 5/27(화)에 다시 발생
  다. Registration for exchange or language School Students
   1) Period: 2025. 5. 28.(Wed.) 10:00-13:00
   2) Foreign students in the degree course are not eligible for registration,
        so please register during the re-registration or new registration period.
        (학위과정 외국인 학생은 등록 대상이 아니므로 재등록 또는 신규등록 기간을 이용)
   ※ First-come, first-served application

 2. 신청 방법(How to apply)
  가. 학부·대학원 학생(재학생, 휴학생, 수료생, 연구등록생)
   1) 신청경로 - GLS → 신청자격관리 → 학생생활관련신청 → 피트니스 신청 및 조회 → 신청 프로그램 선택
         → 신청서 작성 후 ‘신청등록’ → 가상계좌 생성 확인 → 납부
   2) 신청프로그램 선택
         - 재학생, 휴학생, 연구등록생: ‘학생 경영관 헬스’ 또는 ‘학생 경영관 락카’로 신청서 작성
         - 수료생: ‘기타 경영관 헬스’ 또는 ‘기타 경영관 락카’로 신청서 작성
  나. 교직원(급여공제 신청 가능)
   - 정보광장(ASIS) → 행정서비스 → 기타신청업무 → 피트니스 신청 및 조회 → 신청 프로그램 선택
      → 신청서 작성 후 ‘신청등록’ → 가상계좌 생성 확인(또는 급여공제 신청) → 납부
  ※ 모바일 등록 불가
  ※ 가상계좌 미발급 시 조치
        - 신청등록 후 ‘가상계좌상태’란이 공백인 경우는 가상계좌 미발급 상태
        - 신청내역 좌측의 체크박스 체크 후 「가상계좌신청」 클릭(09:00~17:00 신청 가능)
        - 가상계좌상태가 ‘4:은행결과수신’까지 진행되면 가상계좌번호 활성화 완료(재조회하여 확인)
        - 「가상계좌신청」 클릭 후 가상계좌 발급이 진행되지 않는 경우, 신청 취소하고 재시도
  다. Exchange or Language School Students
   1) Check the application URL or QR code by visiting the SKKU fitness center on B4 of the Business School before application day.
   2) Submit an application by accessing the URL or QR code during the application period.
        ※ If the quota is exceeded, the application cannot be submitted, so please submit the application as early as possible during the application time.


Ⅳ. 유의사항

 1. ‘신청 당일 오후 10시’까지 가상계좌 납부 필수(미납 시 신청내역 자동 취소)
     ※ 가상계좌 입금정보는 신청 완료 시 개인별로 확인 가능
 2. 이용수칙 위반으로 인한 벌점 누적으로 불이익을 받지 않도록 협조 바랍니다.
 3. 센터 이용 중 시설 및 기구 파손 시 배상 책임은 사용자에게 있습니다.


Ⅴ. 환불요청 방법

 1. 학생 : GLS → 신청자격관리 → 학생생활관련신청 → 피트니스 신청 및 조회 → 신청 프로그램 선택 → 환불신청
 2. 교직원 : 정보광장(ASIS) → 행정서비스 → 기타신청업무 → 피트니스 신청 및 조회 → 신청 프로그램 선택 → 환불신청


□ 기타 문의

 1. Tel: 02-760-0848 (월~금, 10:00-17:00)
 2. E-mail: michael0207@skku.edu",[채용/모집],2025-05-19,2025-05-20 00:06:29,홈페이지 공지사항
127305,국제협력선도대학육성지원사업단(LUPIC) 스리랑카 콜롬보대학교 청년 인턴 모집,"생명과학과 국제협력선도대학사업단(LUPIC)에서 스리랑카 최고 명문, 콜롬보대학교 자연과학대학에 신설되는 '바이오분자과학및산업생명공학전공(BSIB)'의 성공적인 출범을 함께할 열정적인 청년 인턴을 모집합니다.

[청년인턴 모집 주요 내용]

1. 파견 기관: 스리랑카 콜롬보대학교 자연과학대학
2. 파견 기간: 2025년 7월 ~ 12월 (최대 6개월, 협의 가능)
3. 지원 자격: 성균관대학교 바이오 관련 학과 학사 및 석사 졸업생 (해외 체류 결격사유 없는 자)
4. 모집 인원: 1명
5. 주요 업무
- BSIB 전공 학부 실험실습 교과목 개발 보조
- 기자재 구매/검수 보조
- 실험실습 진행 보조 (업무 및 소통 언어: 영어)
6. 지원 내역: 인건비(월 220만원, 4대보험 가입), 현지체재비(월 200만원), 왕복항공료, 해외장기체류보험료, 비자수수료 등
7. 서류 접수: 2025년 5월 19일(월) ~ 2025년 5월 30일(금)
8. 접수 방법: 이메일 제출 (lms7@g.skku.edu)
9. 제출 서류: 이력서 및 자기소개서 (사업단 양식, 첨부 파일 또는 포스터 내 QR코드 참조)
10. 문의: 031-299-6463, lms7@g.skku.edu

글로벌 무대에서 K-바이오 교육의 초석을 다지는 의미 있는 경험에 성균관대학교 바이오 분야 졸업생 여러분의 많은 관심과 도전을 기다립니다!'
RE          meh 3 ee cea                                                   7
0)                     07466                      a
^            ew.
=                           —            ~
점년 인턴 모집     ~
C—) a ey티         i— |
eee         SriLanka
ㅡ… 스리랑카""최고 명문, 콜롬보대학교 자연과학
대학에 신설되는 '바이오분자과학및산업생명      럽        ""           '
apr (s)5)|=) Bo eae ete 8)                 i
타스 이 이 이이 | 그이 기니 기 아드 그아어          [
파견 기간                                Nes
'2025년 7월 ~ 12월 (최대 6개월, 협의 가능)        2025.6.19.89)~56.80.03)
자격요건 및 모집 인원
파견 장소
* 자격 요건: 성균관대학교 바이오 관련 학과
스리랑카 콜롬보대학교 자연과학대학                 학사 및 석사 졸업생, 해외 체류에 결격사유
가없는자
파견 업무                                     ＊ 모집 인원: 1명
* 신설 8518 전공의 학부 실험실습 교과목           지원방법
ee                              OID 2! Hla (Ims7@g.skku.edu)
* 실험실습 기자재 구매 및 검수 보조
* 실험실습 진행 보조
* 업무 및 소통 언어는 영어 사용
이력서 및 자기소개서 사업단 양식 Ege
양식: 08 코드 확인
                    08
* 인건비 : 월 220만원 (4대보험 가입)
* 현지 체재비: 월 200만원                       7
* 왕복 항공료: 1회 (일반석 기준)                * 스리랑카 최고 대학메서의 국제 협력 경험
* 해외 장기체류 보험료                             및 교육 분야 경력 개발
* 비자 수수료                                  * 영어 공용 환경에서의 글로벌 역량 강화
* 안정적인 치안, 쩌렴한 물가, 풍부한 자연
[ so 4                                       환경을 갖춘 스리랑카생할 6600689
031-299-6463, Ims7@g.skku.edu              * BSIB AS SHO! (QRBS) —
enon
주관 | 성균관대학교 국제협력선도대학육성지원사업 사업단장 이상호 교수(생명과학과)",[채용/모집],2025-05-19,2025-05-20 00:06:29,홈페이지 공지사항
125426,[인사캠] 건강센터 직원(정신건강의학과 의사)  초빙 공고,"우리대학 건강센터에서 근무할 자체직원(정신건강의학과 의사)을 다음과 같이 초빙하오니 많은 지원 바랍니다.

1. 직종/근무기간/근무지/담당업무
(1) 직종: 자체직원(정신건강의학과 의사) 1명
(2) 근무기간: 2025.03.00.~2026.02.28.(채용시부터), 주 6시간
(3) 근무지: 건강센터(인문사회과학캠퍼스, 서울 종로구)
(4) 담당업무: 정신건강의학과 진료 및 상담 

2. 지원자격 : 정신건강의학과 의사

3. 지원서 접수
(1) 접수기간:  ~채용시
(2) 접수방법: 이메일 접수(ykmi89@skku.edu)
(3) 전형절차: 서류 및 면접(건강센터장)

4. 제출서류
(1) 지원서 1부(본교 소정양식으로만 작성)
(2) 개인정보 수집 및 이용동의서 1부(스캔본 첨부)
(3) 자격증(해당자만) 각 1부(스캔본 첨부)

5. 기타
(1) 본교 인사규정상 결격사유가 없어야 함
(2) 기재사항 및 제출서류가 허위인 경우 채용이 취소됨
(3) 전자적 접수에 따른 채용서류 접수로 채용절차법에 따라 제출한 지원서류는 반환되지 않으며 파일 일체는 채용절차 종료 후 폐기됨
(4) 지원서: 붙임 서식 참조
(5) 기타 문의: ☎ 02-760-1230

붙임 응시원서/개인정보수집및활용동의서 각 1부. 끝.",[채용/모집],2025-05-19,2025-05-20 00:06:29,홈페이지 공지사항
125007,2025학년도 학생건강검진 안내_(5월 31일까지),"2025학년도 학생건강검진 안내입니다.
*4.24.부터 광화문센터에서도 구강검진합니다. (4.23.까지는 갑상선기능검사로 대체)
*예약일 변경 방법 -전화번호 1599-7070 변경하세요.한년         SAH       강건       fe)
2025학년도 학생 건강검진 안내
성균인의 건강 증진과 질병의 조기 발견을 위하여 학생 건강검진을 시행하오니
희망하는 학생은 별도 신청 후 검진하여 건강을 확인하시기 바랍니다.
@ 전제 검진 기간: 2025.3.5.(수)~5.31.(토) [공휴일 제외]
구분    1041 검진
자                   3052551
a2                      305-531.
2a [SB =O ATE] soe-s00 | vewgge | sasar
3자 | 전체 대상자   (공휴일 제외)       401.~5.31.
4차 | 전체 대상자                   4.06.4531.
5자 | _ 전제 대상자                   508-531,
@ 11 운영시간 [월,화,목,금] 07:00 ~ 16:00 [수토] 07:00 ~ 12:30 (일요일, 공휴일 휴무)
@ 101(한국의학연구소) 전국 8개 지점
- 광화문, 여의도, 강남, 수원, 광주, 대구, 부산, 제주
@ 학부 및 대학원 재학생(수료생 제외), 휴학생, 양현관8운용재생, 체육 특기자 가운데
건강검진 615 신청자 (장학쿠폰 제공 대상자도 신청 필수)
통합정보시스템(615) - 신정/자격관리 - 건강센터 + '건강검진 신청' 클릭
 (@개인정보 최신화 확인 (2)검진희망 센터 및 희망일 선택 후 [예약신청] 클릭
※ 겸진관련 정보를 문자/알림톡으로 발송 예정이므로 연락 가능한 연락처 반드시 확인
검진 희망일 확정 후 검진 1주 A KM BS SxS sol
ㅜ 사전 문진표 작성(겸진일에 센터에서 작성 가능)
 검진 희망일에 해당 센터 방문하여 건강검진 시행
※ 겸진까지 1주 미만 남은 경우, 예약 확정 즉시 문자/알림톡 발송 예정
※ 예약일정 변경(희망일자에 겸진 못한 경우 포함) (<네 콜센터(1599-7070에서만 변경 가능
@ 충부 ×선 촬영, 내과 진료
@ 구강겸진(424부터 광화문센터 포함/기존 광화문센터 검진자는 “갑상선기능검사(혈액검사)""로 대체)
 혈액검사 (빈혈 겸사, 0형 간염겸사, 간기능검사, 콜레스테롤 검사 등)
 소변검사(요당, 요단백, 잠혈), 시력, 청력, 혈압, 인바디 측정 등
 검진 항목 주가(비용 별도) 시 필수 예약 문의 - 1<네 대표 전화 쇼1599-7070
@ 일반 학생 납부금 30.000원
@ 장학쿠폰 대상 학생 0원
@ 기본항목 외 추가 검진 비용은 개인 부담
@ 101(한국의학연구소) 전국 8개 지점에서 검진일에 납부
@ 검사 전 8시간 금식 (물도 안 됨, 필수 복용 약물만 소량의 물과 함께 복용)
@ 신분증(주민등록증. 운전면허증, 여권 중 1)
@ 건강검진 결과는 개별 통보 예정(검진 후 2~3주 소요
@ 추후 건강센터에서 결과상담 가능
@ (2025년은 출수년도 출생자 2030 국가 무료 건강검진을 원하는 경우, 학생건강검진 615 신청
불필요, 원하는 병원에서 신청하세요.
@ 무료 국가 건강검진 대상자 확인 ""국민건강보험 (가15.0ㅁ0)""
성균관대항교
66성료르대의교 건강센터",[행사/세미나],2025-05-19,2025-05-20 00:06:29,홈페이지 공지사항
127304,2025년 외교 공공데이터 활용 경진대회 참가 안내,"외교부가 주최하고 한국국제협력단(KOICA), 한국국제교류재단(KF), 한아프리카재단(KAF)이 주관하는 2025년 외교 공공데이터 활용 경진대회 참가자를 모집하오니, 학생 여러분의 많은 관심 부탁드립니다.

1. 참가 대상: 외교 공공데이터에 관심있는 국민 누구나
* 개인 또는 팀(최대 4인) 참여, 참가자(팀) 당 1개 공모 가능
2. 공모 부분: 아이디어 기획, 제품 또는 서비스 개발
3. 공모 방법: 국민생각함(epeople.go.kr) 또는 이메일(opendata@kf.or.kr) 접수
4. 접수 기간: 25.05.19. ~ 25.07.14.
5. 문의: 02-2100-7159, 064-804-1021, opendata@kf.or.kr

자세한 내용은 포스터 참고 부탁드립니다.2025년              a
=
6 아이디어기획
0  ㅋㅋ                     외교부공공데이터를활용한창의적아이디어보유및제안
oe              © FAB SE MELA Hat
외교부공공데이터를 활용한제품또는 서비스가발
.@ 제품또는 서비스가개발중인경우 발표심사전까지데모또는
공공   0  E        ae
ac                                                      © Sado NaS ge TENE NAPE SS
대이터를 용-복합하여개선-가발한제품(비시 도응모기능
지으                                      olay, siaantbee, RAN, olsen
개방데이터
=
FARK !대회                  외교공공데이터에관심있는 국민누구나
OL         ~                  .@ 개인또는팀죄대 4인창여,참가재팀)당깨공모가능
공모방법
공도기간:2025.5.19.( ALO)
국민생각함(60601016.90-!) 또는
이메일 접수(00600818@10.0[.0)
.@ 세부시황및작성양식은 국민생각함썸각모음내게시물참조
、                ~ 시상내역
               구보    수량 상금     비고
<  2           최우수(장관상) . . 1점 ㅣ 300만원 ： 범정부본선주천
@                     우수(장관상)   1점 . 200만원
""!                                       한국국제협력단
ㆍ        장려상(이사장상)  3점 ： 100민원 ： 한국국제교류재단
3                      ‘sonnet
&                              !
%         i, ©
로
(Oy              @        0        @
i ae              3) 2
¥             ey                SB 5 wm 6 WN
j             공모접수    서류및발표평가 . 결과발표및시상
6          '125.519.~714. . : 78밀~68증순 BROS
.@ 대회일정은진행상황에따라 변경될 수 있으며 심사결과는 가별통보
[피누민                              .@ 수상기준에미달하는경우 시상규모를축소또는변경할수있음
내 say ic                © Saisie a ola SAH AHO Aas ke
다                          .@ 6인의지식재산권을짐해하거나유사대회에서중복수싱한경우
art                        입상취소
Eli                     © 경진대회에제술된자료의 저작권은 출품한저작자에게 있으며,
FARIS RIE MBAS 7
*. 02-2100-7159, 064-804-1021           분           ae onty KE        .
Sopencotaentorke           S227. — KOICA~  faikomoy GE ease",[채용/모집],2025-05-19,2025-05-20 00:06:29,홈페이지 공지사항
126987,해외 Postdoc 선발스토리 특강 안내,"안녕하세요, 대학원혁신센터입니다.

올해 해외 Postdoc으로 선정되신 두 분의 박사님을 모시고 스토리 특강을 개최합니다. 
해외 박사후연구원 지원에 관심이 있으신 모든 대학원생 분들께 교육, 연구, 행정 등 다양한 측면에서의 준비방법, 박사후연구원 선발 노하우 등을 제공합니다.

해외 박사후연구원 경력에 대해 한 번이라고 고려해 보신 분이라면 실질적인 정보의 공유를 통해 도움을 받으실 수 있으실 것입니다.
더욱 직접적인 도움을 드리고자 신청서에 '사전질문란'을 준비하였습니다. 아무리 사소한 질문이라 할지라도 물어봐 주시면 함께 고민하겠습니다.
5월 28일에 진행되는 스토리 특강에 많은 관심과 참여 부탁드립니다!

< 해외 Postdoc 선발스토리 특강 - ""내가 해외포닥에 선정된 이유는?"" >  

▪ 연사 : [인문/사회과학]   고정민 박사   The State University of New York 파견예정
                 [자연/공학/의약학]   김범수 박사   Harvard Medical School 파견예정
▪ 일시 : 2025년 05월 28일 수요일 
▪ 시간 : 14:00~15:00
▪ 장소 : 성균관대학교 자연과학캠퍼스 제2공학관 27111호
▪ 참가방법 : 참가신청 QR코드 접속(포스터에 첨부되어 있습니다.)  
                          https://naver.me/IMyk0iSD
▪ 참가확인서: 만족도 조사 참여자 중 참가확인서 발급 요청자
▪ 문의: 02-760-0096, kyunghae24@skku.edu해외 /20570
oH2] Postdoc
선발스토리 특강
Le                =—1 ©
a                           L949""
""LH HO] = Ol] ABA Ol Fz?
9 [인문/사회과학]
^                                     자연/공학/의약해 @&
-0600미|         =      !           &
a,              'D PT es
* 성균관대학교                 “~          a        Phd del
SAD te cae bake          [~         >                 * 성균관대학교
박사 졸업         Se uy          7                       디지털헬스학과
CRTCUMCoCCnams “ey BROCKPORT | Wier                     박사 졸업
Te SS)                             a  oy HARVARD Maineseon
CLE) clCRO I USIN            SS       ㅣ            로                     이서 may)
aN CWA Cod                                       “               © Harvard Medical School
: 5044 파견예정                                 ss                                          바가
시간                순서                   세부내용
14:00 ~ 14:10               사회자                  세미나 개회, 발표자 소개
14:10~14:30        [인문/사회학과] 고정민         해외 포닥 선정 노하우 소개
14:90-14150 [자연/공학/의약핵]김범수 사전 질문에 대한 답변 진행
14:50~15:00                 사회자                  발표 종료 및 기념사진 촬영
성균관대학교 대학원생
2025.5.15.목-5.23.@)                          vanes
2026,6.28. () 14:00-18:00                미 Ay nae 미
!      :      박기
자과캠 제2공학관 27111호                 oat, ae
신청자에 한해 20014 내! 발송                  a 도
161: 02-760-0096 대학원혁신센터          fl fs gad be
Email: kyunghae24@skku.edu                                                       .
주최| 65       Seas                  sal @        21",[행사/세미나],2025-05-19,2025-05-20 00:06:29,홈페이지 공지사항
126946,[HUSS] [여름 계절수업] HUSS 융합캠프 아카데미 참여 학생 모집,"성균관대학교 인문사회 융합인재양성사업단(HUSS)에서 사업단 소속 학과(행정학과, 사회복지학과, 문헌정보학과, 미디어커뮤니케이션학과, 심리학과, 유학동양학과, 글로벌리더학부, 사회학과, 정치외교학과) 재학생들의 인구구조 문제해결 역량과 웅합역량 강화를 위한 HUSS 융합캠프 아카데미 참여 학생을 모집합니다. 재학생들의 많은 참여 부탁드립니다.

■ 프로그램 개요

융합캠프 아카데미(여름 계절수업)는 교육부와 한국연구재단이 주관하고, 인문사회 융합인재양성사업에 참여하는 50개 대학이 2025년 7월 8일(화)부터 11일(금)까지 3박4일 간 개최하는 우수 융합강좌 수강 및 경진대회 프로그램으로 진행됩니다. 

전체 28개 강좌가 크게 10개의 주제에 맞추어 구성되며, 주제는 인구구조, 디지털, 환경, 위험사회, 글로벌·문화, 사회구조, 글로벌 공생 등입니다. 필수 4개 강좌와 학생들이 관심을 가지는 강좌를 12개 선택하여, 총16개 강좌를 수강할 수 있습니다.

이를 통해 학문 간, 전공 간의 벽을 넘어서서 복합위기 시대의 다양한 사회문제를 바라보는 시각과 효과적 해결 방안을 도출할 수 있는 융복합 사고로 전환하는 기회가 될 것으로 기대합니다.

■ 혜택
- 한국연구재단 이사장 명의의 이수증 발급
-  HUSS 골든벨 우승 시, 교육부장관상 또는 한국연구재단 이사장상 수여
-  아이디어 공모전 우승 시, 한국연구재단 이사장상 수여
-  인문사회 융합인재양성단에서 운영하는 비교과 프로그램(해외탐방 포함) 참여 시, 우대 
-  참여한 성균관대생뿐만 아니라, 타 대학 학생들과의 네트워킹 기회

■ 융합캠프 아카데미 일정(안)
-  첨부파일 확인

■ 일 시 : 2025.07.08.(화) ~ 2025.07.11.(금) 3박 4일

■ 장 소 : 경주 라한셀렉트 호텔

■ 대 상 : 인문사회융합인재양성사업 참여학과

■ 참여학과 : 행정학과, 미디어커뮤니케이션학과, 문헌정보학과,
                         심리학과, 사회복지학과, 유학동양학과, 사회학과, 정치외교학과 (복수전공 가능)

■ 모집인원 : 16명

■ 우대사항 : 인문사회 융합인재양성사업단 마이크로디그리(MD) 또는 융합트랙 이수자

■ 신청기간 : 04월 30일 (수) ~  05월 20일 (수)

■ 신청방법 : 하단의 구글폼 양식 작성 후 제출
https://forms.gle/f7hMwwLzwxEaiHVv7


■ 여름 계절수업 수강 및 학점
-  미래사회문제와 인문사회 융합세미나(USS2004) 수강신청 필수 (계절수업 수강료 납부)
-  학점 1학점 인정(사회과학대 소속 학과는 전공 1학점, 그 외 학과는 일반선택 1학점)
-  성적 평가: 100% 출석 기반 Pass / Fail 방식 평가
-  스마트 출석 시스템 활용 


■ 주요 학사 일정 
- 05.20.(화): 융합캠프 아카데미 신청자 모집 마감
- 05.20.(화): 융합캠프 아카데미 참석자 선발
- 05.28.(수)~05.29.(목): 융합캠프 아카데미 참석자 직권 수강신청
- 06.02.(월)~06.04.(수): 수강료 납부
- 07.08.(화)~07.11.(금): 융합캠프 아카데미 참석   
- 07.15.(화)~07.16.(수): 성적 공시 


■ 문의 : 인문사회 융합인재양성사업단 (T. 02-740-1692, E. huss.cvg@skku.edu)|  SA SUB bt + HH Olt! gf
아카데미 참가비 및 교통 등 nogams >
St SHAT Set WBA! Sat UBT Chass
mw
®           령주 라한셀렉트           ®
B,O7038,~O7M,
우증해서 상 받아가파!",[채용/모집],2025-05-19,2025-05-20 00:06:29,홈페이지 공지사항
127084,[HUSS] 2025 취업패키지 참여자 모집,"안녕하세요. 성균관대학교 인문사회융합인재양성사업단(HUSS)입니다.
HUSS사업단에서는 [2025 취업패키지] 프로그램을 운영하려고 합니다. 
재학생분들의 많은 관심과 신청 부탁 드리겠습니다.

■ 운영목적
      버크만 자가진단 수행 및 진단 결과 분석을 통하여, 본인에게 적합한 직군 및 업종의 커리어 맵 작성 능력을 
      배양하고 진단 결과에 맞춰 이력서 및 자소서 코칭, 면접 활용 방법 코칭 등을 통하여 취업 역량을 강화한다. 
      또한 조직 적합도 및 직무 적합도를 확인함으로써 완만한 대인관계와 갈등상황에 대한 해결안을 제시할 수 
      있는 융합인재 역량 강화를 도모한다.

■ 운영개요

  ● 운영기간 : 2025.05.23. ~ 2025.06.13

  ● 운영대상 : HUSS사업 참여학과 재학생(복수전공자 가능)  
  
   ※ 참여학과 : 행정학과, 사회복지학과, 유학동양학과, 미디어커뮤니케이션학과, 문헌정보학과, 
                            심리학과, 글로벌리더학부, 사회학과, 정치외교학과

  ● 모집인원 : 20명 내외

  ● 운영내용 : 버크만 진단(자가역량진단)을 통한 자기이해와 진단을 바탕으로  개인 맞춤 취업역량 강화 교육

  ● 운영방식 : 대면활동

  ● 운영장소 : 추후 재공지

■ 운영계획

  ●추진일정 및 교육구성
    1) 참여학생 선발 (~05.21)
    2) 최종합격자 안내 및 버크만 사전 진단(05.22)
    3) 버크만 진단 해석강의 및 집체 교육(05.23 10시~14시)
    4) 1:1 디브리핑(개인당 1시간 소요) (05.28 or 05.30) - 개인별 재공지
    5) 개별 디브리핑 결과보고서 및 디브리핑을 통한 자소서, 이력서 제출(~06.13)
    -  추진일정 및 교육구성 변동가능 

■ 신청방법
   2025년 05월 21일 15시까지 하단의 구글폼 작성을 통하여 신청
   https://forms.gle/YKRBcc5btmvWrNZz9

■ 문    의
   Tel : 02-740-1692
   E-mail : huss.cvg@skku.edu
   Instagram : skku_huss
   사무실 : 다산경제관 32103B호죄업때키아
모집안내
모집기간
W                               시 200 58 12! 28 Gul
문영기간
A                           집데교육 ; 5월 23일 오전 10시 ^ 오후 2시까지
11디브리핑 ; 5월 28월 6/ 302! 281 IAI» 28 Saini
(원하는 시간 선택, 1시간가량 소요)
5                                    지원 자격
00 165 사업단 함0학과 자학생
S                         - 복수전공자 가능
/ 11765 사단 운영 교과목 렁자
4           A) ~ 010122¢/22(MD) or SUEY (SS HH 745)",[행사/세미나],2025-05-19,2025-05-20 00:06:29,홈페이지 공지사항
127303,[공학교육혁신센터] 2025  스마트카융합설계경진대회 참가팀 모집(~6월 4일까지),"성균관대학교 여성공학인재양성센터에서는 스마트카산업분야의 우수한 인재 양성을 목적으로 학부과정에서 자율주행차의 기초기술을 경험할 수 있는 「2025 스마트카융합설계경진대회」를 개최합니다. 충분한 사전교육(제작 및 SW)을 제공하므로 무경험자도 도전 가능하니, 스마트카에 관심 있는 학생 여러분의 많은 참여 바랍니다.

1. 프로그램 안내
  - 2025 스마트카융합설계경진대회는 아두이노 보드와 다양한 센서를 활용하여 직접 제작한 자율주행차의 성능을 겨루는 대회임
  -  사전교육 및 멘토링 진행

2. 참가 신청
 - 참가 대상 : 성균관대학교 학부 재학생
 - 신청 기간 : 2025. 06. 04(수) 오후 5시 
 - 모집 팀수 : 14팀
  (*신청팀이 많을 경우 선정위원회 심사.  심사기준 : 여학생 수, 전공융합, 선착순 등)
 - 팀원 구성 : 3인 1팀
  (* 여학생 1인 이상 팀원 포함 필수/ 여학생 팀장 우대)
 - 신청 방법 : 구글폼을 통한 온라인 신청(https://forms.gle/tAXGqGGxZoSzDsMv7)
                      (포스터 QR코드 스캔 후 신청서 바록가기)
 - 참가팀발표 : 2025. 6. 10.(화), 선발학생대상 개별 안내

3. 경진대회 사전교육 및 멘토링 
 - [사전교육]  팀별 자유롭게 수행, 아두이노 및 KIT 조립 관련 온라인 동영상 컨텐츠 제공
 - [O          T]  2025. 7. 23.(월) 10:00-13:00 (대회 기본 규정 및 자율주행자동차 알고리즘 등)
 - [멘  토  링]  2025. 8. 4.(월) 13:30- 16:30 주행관련 멘토링

4. 본선 대회 
 - 일     시 : 2025. 8. 25.(월) 09:00~17:00 
 - 장     소 : 성균관대 자과캠 러닝팩토리 (85133호)
 - 형     태 : 스마트카 주행 + 컨셉 발표(Presentation)

5. 시상 내역
- (Racing 1위) 상장 및 부상
- (Racing 2위) 상장 및 부상 
- (Racing 3위) 상장 및 부상
- (부문상) 디자인 부문,  발표 부문 : 상장 및 부상 

6. 문의   
  - 공학교육혁신센터( 공관대학 26동112호) 031. 290. 5612, meetx@skku.edu 
* 프로그램 진행 시간은 추후 변동 될 수 있음.5,
5   yp   ANU     수
A   ~   2
0--- 06
6   002
IS oF NS     Je
~             \
FESS + 608
70 $I NN
°         4       \  \     °
Jo ealt “Ca es
x  a      09        o |) ==
Re fate Go COD
Oy e+ La 2S
*Allor ry ok pore /s
>    Tee ate Coit
SG eee
ㅇ ©. so sys
+     Se) 0 (SS
= —
SSS bw)
Hmmm, S27
2025스마트 카융합설 계경진대회
—""l—"" 1S ea e’lone
신청기간 2025.6.4(수) 04 5:00
모 집 팀 14팀(3인1팀) (여학생 1인이상 팀원 포함 필수)        Bee)
참가대상 성균관대학교 학부 재학생 및 휴학생           oie: ae
see
신청방법” 구글 폼을 통한 온라인 접수(신청링크 바로가기 @ )    Oa
프로그램 진행일정 ＊시간과 장소는 추후 변경될 수 있음
@ 선발팀 발표  @ Orientation  8  멘토링    8  경진대회
2025.6.10(화                    2028. 7. 23(4)                     2025. 8. 4(Bl)                      2025. 8. 25(8))
ewes hw OH     10:00 - 13:00      13:30 - 16:30,      09:00 ~ 17:00
시상내역 66009 상위 3개팀/ 부문상: 디자인1팀, 발표 1팀
문의사항 031.290.5612, meetx@skku.edu
성균관대학교 여성공학인재양성센터",[채용/모집],2025-05-19,2025-05-20 00:06:29,홈페이지 공지사항
127302,2025 성균 명품 스터디클럽 공모전 선발결과 안내,"학교 내 학부 학생들이 자발적으로 활동하고 있는 명품 스터디클럽(학회)을 발굴하기 위하여 진행한  2025년 학부 명품(名品) 스터디클럽(학회) 공모전  선발 결과를 다음과 같이 안내드립니다.

■ 2025 성균 명품 스터디클럽 공모전 선발 결과
 - 총 20개 팀 선발 완료

brAIN
SUBAC
FR
Dscover
마술피리
P-SAT
MOD
법과문학 연구회
STAR
발달심리학회 도담
SKKAI
ACTUALL
HEVEN
Chem-i
Biomics
ARES
킹고스마트싱스
SKKUDING
eMerge
SPEC


이상 총 20개 팀

■ 2025 성균 명품 스터디클럽 공모전 OT 안내
 1. 참석대상: 2025 성균 명품 스터디클럽으로 최종 선발된 팀별 대표자 1명(대표자는 꼭 학회장이 아니어도 됨)
 *OT 불참시 선발이 취소될 수 있음
 2. 일시: 5월 29일(목) 14시 30분 ~ 16시 00분 (조기 종료 가능)
 3. 장소: 인사캠 경영관 33B101 
 4. 내용: 2025 성균 명품 스터디클럽 향후 지원 사항 및 일정, 운영 안내 및 기타 질의 사항 수렴
*참석한 대표자에 한해 행사참가확인서 발급 가능
*OT 참석시 학회 회원 명단(자필서명) 원본 제출 필수 (미제출된 학회에 한함, 인원 변동이 있을 경우 다시 제출)
 
 ※문의
 학생지원팀 (인사캠: 02-760-1073 / 자과캠: 031-290-5031)연번              학회명                 캠퍼스
1 인문사회과학캠퍼스
2 인문사회과학캠퍼스
3 | 태  |인룬사회과학캠퍼스
4 인문사회과학캠퍼스
5 인문사회과학캠퍼스
6 인문사회과학캠퍼스
7 | Mop |인룬사회과학캠퍼스
8 인문사회과학캠퍼스
9 인문사회과학캠퍼스
10 인문사회과학캠퍼스
11 | 000 5664 0000 | 자연과학캠퍼스
12   자연과학캠퍼스
8   자연과학캠퍼스
1   자연과학캠퍼스
15 | 609006 | 자연과학캠퍼스
16   자연과학캠퍼스
7   자연과학캠퍼스
16   자연과학캠퍼스
19   자연과학캠퍼스
20       se
합계                         20개 팀
*캠퍼스 구분이 어려운 경우 을합으로 표기",[채용/모집],2025-05-19,2025-05-20 00:06:29,홈페이지 공지사항
126103,[공학교육혁신센터](+추가모집)2025 창의적 종합설계 교내 경진대회 참가팀 모집 안내(~5.30.(금)까지),"안녕하세요

성균관대학교 공학교육혁신센터에서 ""2025 창의적 종합설계 교내 경진대회""를 개최하여 공과대학, 정보통신대학, 소프트웨어융합대학 종합설계 교과목을 수강하고 있는 성균인들의 작품 결과를 공유함으로써 성과물의 완성도를 높이고 함께 성장할 수 있는 기회를 제공하며, 더불어 우수 작품을 발굴하고자 합니다.

관심있는 성균인의 많은 신청 바랍니다.


1. 참가대상
  - 종합설계 교과목을 수강하고 있는 공과대학/정보통신대학/소프트웨어융합대학 4학년(또는 3학년) 학생
    (단, 직접 기획·설계·제작·구동이 가능한 작품을 보유해야하며, 경진대회 개최 시 작품 전시 필수)
  - 산업체 관심 기술 주제 수행을 희망하는 3~4학년
    (붙임 파일: ""2. 2025학년도 산업체 관심 기술 공유 주제 현황"" 파일 참고)
  - 아이디어를 보유한 재학생(2~4학년) 누구나 참여 가능

2. 참가혜택
  - 재료비(출품 제작비): 팀 최대 100만원 내외
  - 출전팀 전원 입상
  - 참가 확인증 발급(취업 시 활용)
  - 창의품(3품 중) 6시간 이수
  - 교내 경진대회 입상팀은 전국 경진대회 참가권 부여 및 지원
  - 재료비는 타 교내 지원사업과 중복 지원 불가

3. 신청방법
  - 접수기간: ~ 2025. 5. 30.(금) 자정까지
  - 접수방법: 참가신청서(엑셀파일) 이메일 제출(yurik@skku.edu) 후 챌린지스퀘어에 추가 신청
  - 챌린지스퀘어 교과목명(프로그램코드): 창의적 종합설계 교내 경진대회(EXTRA12895)
  - 창의품 부여를 위해서는 팀원 모두가 챌린지스퀘어에 등록해야합니다. 

4. 산업체 관심 기술 주제(+추가주제: 주제6~11)
  - 주제1: 한국향 가정용 에너지저장장치(BESS) 제작을 위한 기술 검토 및 개발/선우그로우파워코리아(유)
  - 주제2: 태양광발전소 원격 데이터를 활용한 이상상태 감시용 AI 분석/한국수력원자력(주)
  - 주제3: AI와 Digital Biomarker를 활용한 차세대 디지털 인지 기능 선별검사 개발/뷰브레인헬스케어
  - 주제4: 입원환자 응대 AI 챗봇(STT&TTS) 개발/주식회사 케어마인더
  - 주제5: 병의원 EMR 데이터 호환 모듈 개발/주식회사 케어마인더
  - 주제6: 소각연료로 재활용하기 위한 해양폐기물 전처리 장치 개발/한국발명진흥회
  - 주제7: 재해 약자를 위한 물막이판 개발/한국발명진흥회
  - 주제8: 뚜껑없는 튜브용 치약튜브 개발/한국발명진흥회
  - 주제9: 알카리 이온수기의 전국 스케일 문제해결/한국발명진흥회
  - 주제10: FlatCo와 ChatGPT가 만나면?/한국발명진흥회
  - 주제11: 가전제품의 접근성을 높이는 'LG 컴포트 키트' 아이디어 공모/LG전자 
  - 각 주제별 연구 상세 내용은 알집파일(.zip)에서 확인 가능합니다.

5. 평가방법 및 대회 일정
  - 평가방법: 오프라인 작품전시 및 현장발표
  - 평가 작품에 대한 발표자료(PPT) 및 전시판넬(A1사이즈) 사전 제출
  - 교내 경진대회: 2025. 6. 27.(금)

6 . 시상내역
  - 교내 경진대회 상격 및 부상(참가팀 수에 따라 상금은 변경될 수 있습니다.)
     대상: 성균관대학교 공과대학장상 및 상금 100만원
     금상: 성균관대학교 공과대학장상 상금 70만원
     은상: 성균관대학교 공과대학장상 상금 50만원
     동상: 성균관대학교 공과대학장상 상금 20만원
     공학혁신상: 성균관대학교 공과대학장상 상금 10만원

  - 전국경진대회 상격 및 부상(2024년 기준)
     대상: 국무총리상 500만원/ 최우수상: 산업통상자원부장관상/우수상: 한국산업기술진흥원장상

6. 문의처
   - 공학교육혁신센터(제2공학관 26동 112호): 031-290-5608, yurik@skku.edu

7. 추가안내사항
- 참여 도중 연구를 수행할 수 없는 사유가 발생하였다면 철회는 가능하나, 재료비를 사용한 팀의 참여 철회는 재료비 100% 환수 후 가능합니다.  
- 주제 11번(LG전자)의 진행조건을 잘 읽어주시기 바랍니다.
  ①  본 프로젝트를 시작할 때, 프로젝트를 수행하는 팀(모든 팀원)과 LG전자 간에 프로젝트의 아이디어 및 결과물에 대해 아이디어 거래계약(각 팀별 50만원)을 체결한다.(아이디어 거래 계약 표준계약서(추후 수정될 수 있음) 
② 아이디어 거래계약에 따라 LG전자는 본 프로젝트를 수행하는 각 팀에게 50만원을 지급하고, 본 프로젝트를 수행한 팀이 제안한 아이디어 및 그 결과물에 대한 소유권은 LG전자로 이전한다.
③ LG 전자는 본 프로젝트를 수행하는 팀이 프로젝트를 성공적으로 수행할 수 있도록 멘토 역할을 충실히 한다.aut 2 eye
Zasare  5  ose!               =\ MM
Beis a(S» 22     ESO}
성균         es    50)                                     mes
a eT oer.
a            (=)
(=                   스탠
eg
6015       토호
an             a
aM er       a
|
a!
TS
@ 참가대상                             @ 평아방법 및 대회일정
종합설계 교과목을 수강하고있는 콩과때학/정보통신대학/ ㆍ 경가방법 : 오프라인 전시 및 현장발표
소프트웨어융합대학 4학년(또는 3하년) 학생                   ~B7} NBO et BERN RIPPT EARNED
- 단, 직접 기획'설계제작-구동이 가능한 작품을 보유해야하며,         전
경진대회 개최 시 작품 전시 필수
ㆍ산업체 관심 기술 주제 수행을 희망하는 3~4학년                [바 20620 |            ee SE
ㆍ 아이디어를 보유한 재학생(2~4학년) 누구나 참여 가능           P| 2005 1080 ca ne ae a el)
sean틴                2 to          one
@ 참가혜택                                      위
ㆍ 재료비 지원 : 팀당 최대 100만원      @ 시상내역
- 출전팀 전원 입상                               - 교내 경진매회
ㆍ창의품(3품) 최소 6시간 부여                                   금       a |        상장 및 상금 70만원
ㆍ입상팀에 한하여 출전권(컨소시엄 및 전국대회) 및            은 4 |       상장 및 상금 50만원
추가 지원                                               ek | ㅣ 싱장및상큼20만원
재료비는 타 교내 지원사업과의 중복 지원 불가 공학혁신상. ㅣ 상장및상금10만원
ㆍ 전국 경진대회
가           Brees | gases 60008
ㆍ 참가신청서 1부 이메일 제출(/41<@5664.004) 후
첼린지스퀘어에 추가 신청
ㆍ첼린지스퀘어 프로그램 정보                         @ 문의처
- 프로그램코드: 6×11"".412895                              공학교육혁신센터
- 프로그램명: 창의적 종합설계 교내 경진대회             031-290-5608, yurik@skku.edu
@ serene           pple KIT              6 CIEE",[채용/모집],2025-05-19,2025-05-20 00:06:29,홈페이지 공지사항
127216,[공학교육혁신센터]2025년 창의혁신 DNA 비전캠프 개최(사전신청: ~5/27(화)까지),"안녕하세요!

공학교육혁신센터에서는 아래와 같이 「디지털 인사이트: 기술로 읽는 미래, 기회로 잇는 통찰」을 주제로 ""미래 유망 신산업 트랜드 개념 및 이슈에 대해 탐색""해보고, 미래의 기술을 통해 ""나의 비전과 진로설정""에 객관적으로 접근해 보는 강연을 준비하였습니다.  

□ 주        제 : 디지털 인사이트: 기술로 읽는 미래, 기회로 잇는 통찰
□ 일        시 : 2024년 5월 30일(금), 13:30~16:30
□ 강연방식 : 오프라인 
□ 장        소 : 성균관대학교 자연과학캠퍼스(수원) 삼성학술정보관 오디토리움(지하 1층)
□ 내        용 : 
     - 미래 유망 신산업 트랜드 개념 및 이슈 탐색을 통한 기초 역량 강화
     - 창의혁신 DNA-X 공학 인재로서의 비전 및 진로 설정
     - 팀 프로젝트의 효율적인 결과 도출을 위한 전략
     - 강연별 Q&A
□ 대        상 : 
     - 창의혁신 DNA 산학협력 팀 프로젝트 참여 7개 대학 150여명 학생
       (가천대, 강원대, 건양대, 경희대, 대진대, 성균관대, 인천대)
     - 창의혁신 인재를 꿈꾸는 학부생 누구나(휴학생 및 타 대학생 포함)
□ 사전 신청 기간 : 2025년 5월 27일(화)까지
□ 세부일정 :  
12:00~13:30  점심 및 다과 제공
13:30~13:35  개회사 (성균관대 공학교육혁신센터 이준영 센터장)
13:35~14:10  인간-AI인터랙션과 헬스케어+Q&A(성균관대 인터랙션사이언스학과 송하연 교수)
14:10~14:45  서비스디자인을 통한 문제 통찰+Q&A(성균관대 서비스융합디자인협동과정 설상훈 교수)
14:45~14:55  쉬는시간
14:55~15:30  AI를 엔지니어링하는 새로운 패러다임: 초지능형 도시건물 서비스를 중심으로+Q&A
                          (성균관대 건설환경공학부 윤성민 교수)
15:30~16:05  바이오/디지털헬스케어와 법, 규제+Q&A(성균관대 약학과 신주영 교수)
16:05~16:25  창의혁신 DNA 프로젝트 수행기+Q&A(24년 창의적 종합설계 전국 경진대회 대상(국무총리상)수상) 
                           (성균관대 건설환경공학부 최승범 학우)
16:25~16:30  폐회사 (성균관대 공학교육혁신센터 이준영 센터장)

□ 문의처: 성균관대학교 공학교육혁신센터 031-290-5608
□ 강연 당일, 점심 및 다과(커피, 과자 등) 준비되어 있으니 많은 참여 바랍니다. 

* 신청서 제출 이후 신청 취소는 yurik@skku.edu로 연락바랍니다.섬균관대학교 공학교육혁신센터
2026 S24 DNA Hid B=
디지털 인사이트:
그                     -
에텔러 Se Oe, ASS AS 블롬
일 A 2025.5, 3042) 13:30 ~16:30
SA SARICNAIOISRUNA Aseeea OC EATS AICHE)
대 삼 참의혁신 0044 산학협력 팀 프로젝트 참여 연구팀
& 참의혁신 인재를 꿈꾸는 학생 누구나(휴학생 및 타 대학 학부생 포함)
내 응 미래 뮤망 신산업 트랜드 개념 및 이슈 탐색
창의혁신 ㅁ1^-% 공학 인재로서의 비전 및 진로 설점
팀 프로젝트 효율적인 결과 도출을 위한 전략 방법
Bog gaa                                :
미                                 미디
신청기간 2025. 5. 27.(화)까지                 ESC,
신첨방법 ORSE Ags apa me | AB ody
29) A Sees O3-290-S608 Se도
nr)                                    더                                         or
분          분                                                                                                                 OES HES
ee                                HIM, Date, Network, Al 21H                                         송하연교수
""                                     AA AMIE Sat CAFO)                    (성균관대 인터랙션사이언스학과)
10-445                                  비전2. 융합적 가치 창출 인재                                          설상훈교수
""                        AMATHUS St Sy]            (성균관대 서비스융합디자인과정)
1446-1466     -
eee                                    비전3. 미래 신산업 인재                                        윤성민교수
W455-1530 ㅣ 단쌈암링미에 406 CAUCE MRS me: | (성균관대 컨설환경공학부)
-         는                                     비젼4. 패러다임 전환 인재                                         신주영 교수""
meee            HOLA Sh, SD                 (asian orem
비전5.' 내라 인재실행                                            최승범 학무;
1605-1625              SQe ONA @ BIS Sap]
20244 BA SAA AS AICS HPSS) SA             See
-          로                                                                                                                 OES HES
@ seF ene                 soeee KIT.                     © CIEE",[채용/모집],2025-05-19,2025-05-20 00:06:29,홈페이지 공지사항
127297,[교수학습혁신센터] 성균공부방 포스터 교내 게시판 부착 아르바이트 모집(자과캠),,[채용/모집],2025-05-19,2025-05-20 00:06:29,홈페이지 공지사항
126821,[05.27(화)]탄소중립과 ESG EVENING SEMINAR 안내,"탄소중립과 ESG 그리고 온실가스배출량관리에 관심 있는 누구나 참여 가능한 탄소중립과 ESG EVENING SEMINAR에 많은 참여바랍니다.

※ 간식 및 다과 제공
※ 비교과 프로그램(창의품) 2시간 제공

-세미나 일시 : 2025.05.27(화) 18:00 - 19:30

-강연자: 유인식 부장(IBK 기업은행 경영전략그룹 ESG 경영부)

-강연 주제: 자발적 탄소시장과 금융권의 기후변화 대응

- 세미나 장소 : 제1공학관 23217호

- 참가 방법 : 참가신청서 작성 (https://forms.gle/4bofYgrrNX1w77Sx5)(현장 참여 가능)

- 문의처 : Email:greenskku@skku.edu,  Tel: 031-299-47752025년 5월 이브닝세미나
EIASH/ESG
LS EI
© J1SHSt HSS lst SgOl oer
° NEY PANS SSzol /|루변화 대응
#          00""
6       이                                          d
ye                             5a
Bu    내    03    ‘WED    THU     Laid     000        >
1       2      3          세
v                                                  im
4      5      6      7      8      9      10
2025년 5월 27일                                         ""
화요일 오후 6시~7시30분
장소: 성균관대학교 자연과학캠퍼스 제1공학관 23217           24
조
25      26      27      20      29      30      a
7)       ~
자발적 탄소시장과 금융권의 기후변화 대응
12025년 5월 27일 오후6시
18(< 기업은행 경영전략그룹 666 경영부 유인식 부장 (공학박사)
ges epee Oe ete Mates aetna
ayes.  8 간식 및 다과 께공, 창의품 2/|간 부여
 20|: 031-299-4775, greenskku@skku.edu
ewe G) sezee@) 2a regan 국토안전관리인: sein Byezcin ICON sees esseers",[행사/세미나],2025-05-19,2025-05-20 00:06:29,홈페이지 공지사항
127294,[성균관대 창업지원단] 2025년 창업중심대학 린스타트업 프로그램 참가자 모집( ~6/5 목요일 15시),"안녕하세요. 성균관대학교 창업지원단입니다. 

혁신 기술 아이디어를 보유한 권역 내 예비 창업자의 아이디어 실현과 성공 창업을 위한 「린스타트업 프로그램」 참가자를 다음과 같이 모집하오니 참여를 희망하는 예비창업자는 공고 안내사항에 따라 신청하시기 바랍니다.

□ 프로그램명 : 2025년 창업중심대학 린스타트업(수도권)
□ 모집대상 : 권역 내 예비창업자
① 주민등록상 주소지 기준 수도권(서울·경기·인천) 거주자 
② 공고일(25.5.16) 기준 신청자 명의의 사업자 등록이 없고 법인등기 상 대표이사로 등록(취임)되어 있지 않은 자
□ 모집규모 : 100명 내외(※단계별 선정 규모 참고)
□ 운영기간 : ‘25년 5월~10월
□ 참가비 : 무료 지원
□ 제출서류: 구글 폼을 통한 온라인 접수(https://forms.gle/gXgELFg12xdwgDaa7)
     - 2025년 린스타트업 프로그램 신청서 1부
     - 첨부파일의 신청서 양식 작성 및 제출
□ 지원내용: 온/오프라인 창업교육 및 시제품 제작 지원
(1단계 기본교육) 아이디어 발굴, 사업계획서 작성 등 공통 및 특화 교육(무료지원)
- 교육과정: 공통교육(창업에듀) 10차시+심화교육 10차시
- 수료기준: 총 20차시 중 16차시(80%)이상 수료하여야 하며 공통교육(창업에듀)의 경우 10차시 모두 이수

(2단계 린스타트업) MVP 제작 지원(200만원), 시장 및 고객 검증을 통한 비즈니스 모델 고도화
- 교육과정: 필수교육 5차시+자율교육 15차시
- 수료기준
① 총 20차시 중 16차시(80%)이상 수료하여야 하며 필수교육의 경우 5차시 모두 이수
② MVP 제작 완료
③ 3단계 사업계획서 제출 완료

(3단계 후속지원) 차년도('26년 ) 창업지원사업 서류평가 면제 • 가점을 통한 사업화 연계
- 2단계 린스타트업 수료자 중 3단계 사업계획서 제출자 대상으로 발표평가 진행
- 서류 면제 1인, 서류 가점 2인 선정 예정
※ 상기 내용은 사업운영기관의 내부사정으로 변경될 수 있습니다.
□ 문의처
  - Tel. 031-290-5692
  - Mail. yeojoo@skku.edu[ =)
7                                                            [ a)
Qy            >
mt                  관대 창              \
=                                                                       2
.                                                ,
—_—                                                                   I
[ =)       mt                                                            wo
Ax     ""                                                >       y”
00               때
SB 3  ㅣ      ae                    —
-                 —                       ~
IS”          | =]  Ki             .
=                   L            = |
oe                    ,
dua.                                        e \a
'린스타트업'이란?                   모집기간
혁신 기술 아이디어를 보유한 권역 내         2025년 6월 5일(목) 15:00까지
유망 예비창업자를 발굴하여
온/오프라인 창업교육과 시제품 제작을        커리클럼 & 참여 혜택
지원하는 프로그램
@ 1단계(기본교육) : ~6월
지원내용                                                                   SSA ET aaa 작성등
- 장업교육무료수강                                ※ 대상; 1단계 신청자 100명
- 2단계 선정자씨제품제작비(200만원)지원      @ 2단계(린스타트업) : ~10월
107 제작 지원, 시장및 고객
겸증을 통한 비즈니스 모델 고도화
모집대상                                    ※ 대상; 2단계 선정자 10명
-공고일(25.5.16)기준 예비장업자            @ 3단계(후속지원) : ~26년
-주민등록상주소찌기준수도권거주자                자년도(26년)장업지원사업
서류평가 면제ㆍ가점을 통한 사업화 연계
신청방법                                      ※ 대상; 3단계 선정자 3명
구글 폼을 통한 온라인 접수 |       문 의
성군관대학교 창업지원단
Tel) 031-290-5692 E-mail) yeojoo@skku.edu
Gusset arene    ome",[채용/모집],2025-05-19,2025-05-20 00:06:29,홈페이지 공지사항
127293,[뇌과학이미징연구단] 기억에 관한 심리학 실험 참여자 모집,"안녕하세요. 
성균관대학교 뇌과학 이미징 연구단에서 기억에 관한 심리학 실험 참여자를 모집합니다. 
본 실험은 사람들의 기억 메커니즘을 이해하는 것을 목적으로 합니다. 
아래 기재되어 있는 실험 일정과 시간에 따라 이틀 모두 참가 가능하신 분만 설문 참여 부탁 드립니다.
실험시간은 2시간~ 2시간 30분 소요 예정입니다.

1. 실험장소:
성균관대학교 자연과학캠퍼스 N센터 3층

2.실험일정:
-첫번째 실험
  5월 22일 목요일 오전 10시 

-두번째 실험
  5월 23일 금요일 오전 10시
 

2. 실험 참여 제외 대상자:
① 교정시력이 매우 나쁘거나 색맹 혹은 색약
② 신경정신과적 병력을 가진 사람
③ 뇌과학이미징연구단 소속

3. 실험 참여 보상:
10,000원/최초 1시간
30분 초과 시마다 5000원

4. 주의사항:
실험 전날 음주를 삼가시고 반드시 7시간 이상 충분한 수면을 취하시길 당부합니다. 실험 당일에는 커피 등 카페인 음료 섭취를 삼가시길 부탁드립니다.

5. 실험 참여 신청 방법:
① 첨부된 파일(실험 참여 방법.pptx)을 확인해서 온라인 설문을 작성하고 실험 참여를 신청해주시기 바랍니다.
② 온라인 설문 작성 후에 저희 연구실 카카오톡 채널(뇌과학이미징연구단 SIN Lab: http://pf.kakao.com/_xosWxdn)로 연락을 부탁드립니다.
※ 설문 참여 후 연락을 안주시면 참여 확인이 어렵습니다※


공지사항을 꼼꼼히 숙지하신 후 연락을 주시면 감사하겠습니다. 연구에 도움을 주신다는 생각으로 실험에 성실히 참여해주시길 부탁드립니다.

다른 궁금하신 사항이 있으시면 카카오톡 채널(뇌과학이미징연구단 SIN Lab: http://pf.kakao.com/_xosWxdn)로 연락주시기 바랍니다.",[채용/모집],2025-05-19,2025-05-20 00:06:29,홈페이지 공지사항
127292,[뇌과학이미징연구단] 문장 표현 평가 실험 참여자 모집,"안녕하세요, 성균관대학교 뇌과학이미징연구단에서 문장 표현 평가 실험 참가자를 모집합니다.
본 연구는 기본적으로 여러 차례 세션으로 구성된 실험입니다.
첫 번째 세션은 약 20분 정도 소요되며, 설문 형식으로 진행됩니다.

이후, 연구 조건에 따라 일부 참가자는 추가 세션에 계속 참여하게 됩니다.
(추가 세션 참여 여부는 첫 번째 세션 결과 및 실험 기준에 따라 결정됩니다.)

연구의 발전에 기여해 주실 수 있도록 성실한 협조와 참여를 부탁드립니다.


1. 실험장소: 성균관대학교 자연과학캠퍼스 N센터 3층

2. 실험 참여 제외 대상자:
① 교정시력이 매우 나쁘거나 색맹 혹은 색약
② 정신과적 병력이 있는 자

3. 실험 참여 보상:
행동실험 설문 1건당 10,000원이 지급됩니다.

4. 주의사항:
없음

5. 실험 참여 신청 방법:
① 첨부된 파일(실험 참여 방법.pptx)을 확인해서 온라인 설문을 작성하고 실험 참여를 신청해주시기 바랍니다.
② 온라인 설문 작성 후에 저희 연구실 카카오톡 채널(뇌과학이미징연구단 SIN Lab: http://pf.kakao.com/_xosWxdn)로 연락을 부탁드립니다.

※ 설문 참여 후 연락을 안주시면 참여 확인이 어렵습니다※

공지사항을 꼼꼼히 숙지하신 후 연락을 주시면 감사하겠습니다. 연구에 도움을 주신다는 생각으로 실험에 성실히 참여해주시길 부탁드립니다.

다른 궁금하신 사항이 있으시면 카카오톡 채널(뇌과학이미징연구단 SIN Lab: http://pf.kakao.com/_xosWxdn)로 연락주시기 바랍니다.",[채용/모집],2025-05-19,2025-05-20 00:06:29,홈페이지 공지사항
127282,2025 의료 인공지능 특화 융합인재 양성 사업 학부생 설명회 개최 및 참가 신청 안내,"성균관대학교 의료인공지능융합인재양성사업단에서 「2025 의료 인공지능 특화 융합인재 양성 사업」 참여 학부생 모집을 위해 학부생을 대상으로 설명회를 개최합니다.

1. 일시 및 장소
  가. 인문사회캠퍼스 : 2025년 5월 27일 화요일 오후 6시, 호암관 1층 하이브리드 강의실(50106)
  나. 자연과학캠퍼스 : 2025년 5월 28일 수요일 오후 6시, 의학관 3층 AI빅데이터 강의실(713304)

2. 참가신청
  가. 대상 : 의료 인공지능에 관심있는 성균관대학교 학부생 누구나
  나. 신청 : 네이버폼 작성 및 제출(https://naver.me/Ig4fxaqd) *포스터 속 QR코드로도 접속 가능
  다. 신청기간 : 2025년 5월 26일 월요일 오후 2시까지
      * 원활한 설명회 진행을 위해 사전신청 후 참가 요망
      * 사업단 기념품 및 다과 선착순 제공 예정

3. 문의 : 성균관대학교 의료인공지능융합인재양성사업단 (medicalai@skku.edu)


관심있는 학생들의 많은 참여 바랍니다.

감사합니다.Se eee a) .
=
oF Ej AH                                  y
=] Al A  회                4
eet 키
pe ts al)                                    HIS
bot FE seem 기                              Pee
real,
\                                              eet
\                                              mesa
\    집대상 의료 인공지능에 관심있는 성군관      ere
내    모집대상 의료 인공지능에 관심있는 성균관대학교 학부생 누구나    ray} ar
참가신청 0#코드 접속하여 신청서 제출                        0020
그 회캔퍼스
신청기간 2025년 5월 26일 오후 2시까지                            = ed
(원활한 설명회 진행을 위해 사전신청 후 참가 요망)            ee a ee
참가특전 사업단 기념품, 다과 제공(선착순 제공)          (ery
28 『1 000
문의                                         자연과학캠퍼스
PSE Roberto po cee: [og Que ee TR) A eT
ㆍ               v7)",[행사/세미나],2025-05-16,2025-05-20 00:06:29,홈페이지 공지사항
127280,교수학습혁신센터 자체직원 채용 안내,,[채용/모집],2025-05-16,2025-05-20 00:06:29,홈페이지 공지사항
127279,2025 GLOBAL TALENT FAIR 안내(코엑스: 5/19~ 5/20),"<2025 GLOBAL TALENT FAIR 개요>
 ㅇ 기간/장소 : ’25.5.19.(월)~20.(화)/COEX B홀(1층) & 컨퍼런스룸(북)(2층)
 ㅇ 주최 : 산업통상자원부, 고용노동부 
 ㅇ 주관 : KOTRA,한국산업인력공단,국립국제교육원,서초구청, 금융감독원, 세종일자리경제진흥원We're Already Gl@bal!
TAI R  채용박람회
5.19 - 5.20» 2 coex Be
주요 프로그램
기업 채용관(171 면접/상담)
008 콘서트(취업특강&기업 채용설명회& 멘토링)
| fava 000                                          =
i, \
wm
[매334미
pens
공식홈페이지                                 \                 |                       |                       |                  |
  QO exsemex G) zee
Ge otra RoKezewwe Gaeenzee AEA @) asasa 수 세잉자리제진용원",[행사/세미나],2025-05-16,2025-05-20 00:06:29,홈페이지 공지사항
127277,2025학년도 하계 학부생 연구학점제[URP 1형] 시행안내(신청기간 5/21~5/28),"2025학년도 하계 학부생 연구학점제가 시행 되오니, 학부생 여러분들의 많은 신청 바랍니다. 
※ 각 팀원 모두 계획서 제출 후, 교수님 승인을 받아야 함

1. 학부생 연구학점제란?
학부생에게 연구 참여의 기회를 제공하는 제도로, 지도교수 및 지도대학원생의 지도 하에 학기 또는 방학 중 개별 연구 과제를 수행하고 연구 수행 결과를 수업으로 간주하여 학점을 인정하는 제도

2. 지원자격: 아래 자격을 모두 갖춰야 함
 - 2007학년도 이후 신입학자
 - 직전학기 평점평균 3.5 이상인 자(* F포함 기준)
 - 담당교수의 사전 승인을 얻은 자
   * 사전 승인 없이 지도교수를 선정 및 신청하면 계획서가 반려될 수 있습니다. 
 - 학부생 연구학점제로 인정 가능한 학점(재학중 총 10학점)이 운영지침 기준을 초과하지 않은 학생
 
2-1. 제외 대상(하나만 해당되어도 불가)
 - 2025년 8월 졸업예정자 혹은 수료예정자 수강 불가
 - 전공과목 누적 취득학점이 6학점 미만인 자
 - 직전학기 연구학점 과목 F 취득자
※ 지도교수가 연구계획서를 반려한 경우, 참여 불가
※ 미운영대학(교과목 미개설): 예술대학, 약학대학, 의과대학 
※ 졸업 마지막 학기인 학생이 해당 학기 계절수업 학부생 연구학점제에 참여하고자 하는 경우 (2025년 8월 졸업예정자 혹은 수료예정자 수강 불가)
※ 정보통신대학의 경우 교수님별 수강인원이 제한될 수 있습니다. 
※ 일부 학과의 경우 전공 학점 인정 기준이 다를 수 있습니다. (단과대학 행정실 문의)


3. 주요 일정
주요 일정
1) 학생 신청: 2025. 05. 21.(수) ~ 2025. 05. 28.(수) (GLS에 계획서 제출)
2) 교수 승인: 2025. 05. 21.(수) ~ 2025. 05. 30.(금) (지도교수가 계획서를 승인하여야만 참여가능)
※ 학점인정신청서 제출:  2025. 05. 21.(수) ~ 2025. 05. 28.(수) (지도교수 및 취득받고자 하는 전공 학과장 서명 필수)  (필요한 경우만 제출, 지연 제출 불가)
*지도교수 소속대학 단과대학과 학생이 취득하고자 하는 전공(학점)의 단과대학이 다른 경우만 제출
*양식: 운영지침 별지서식4, 제출처: GLS > 학부생 연구학점제 신청 > 학점인정신청서 제출 칸에 업로드  [첨부된 메뉴얼 참고], [FAQ 2번 참고]
3) 운영 기간: 2025. 06. 24.(화) ~ 2025. 08. 01.(금)
4) 결과보고서 제출: 2025. 07. 28.(월) ~ 2025. 08. 01.(금) 
*보고서 제출 기한 내 GLS에 ➀결과보고서, ➁발표 보고서 제출필수(하나라도 미제출시 F)
*발표는 운영 기간 내 진행해야 하며, 사전에 지도교수와 일정 협의하여 진행
*팀 전원 각자 제출해야 함
*보고서 작성 및 제출은 FAQ 참고
※ 수강신청이 가능하도록 수강신청기간에 해당 학점(2학점)을 비워놔야 함


4. 신청 방법
GLS > 학업영역 > 학점인정 >학부생 연구학점제 기한내 신청 (첨부 매뉴얼 참조)
※ 연구계획서 첨부 및 지도교수 선정 필수
※ 팀원 전원이 연구계획서를 각자 제출해야 함
※ 연구계획서 제출 시 팀원 전원의 학번과 이름을 기입하여야 함

<주의 사항>
※ 계획서가 승인되면 추후 자동으로 수강신청되며, 수강취소는 원칙적으로 불가
※ 수강신청이 가능하도록 수강신청기간에 해당 학점(2학점)을 비워놔야 함
※ 운영기간 마지막주에 결과보고서와, 연구결과공개발표보고서를 GLS를 통해 제출(팀 전원이 제출해야함, 미제출시 F, 기한 별도안내) 
※ Co-op 등 학점을 인정해주는 교내 타 연구프로그램에서 기 진행한 연구주제는 중복하여 신청할 수 없음.
※ 학점인정신청서 제출 시 지도교수님과 학과장님 두 분의 서명  필수로 제출 


FAQ 
1) 교수님께 사전승인을 어떻게/왜 받나요?
승인의 형태는 구두로만 받아도 무관합니다. 사전에 협의하지 않고 신청할 경우 교수님이 신청 내역을 인지하지 못할 수 있고, 인지하였다고 해도 반려하실 가능성이 높기 때문에 사전승인을 받도록 안내하고 있습니다. 이미 학생의 학부생 연구학점제 참여계획을 알고 계신 교수님께는 계획서 제출 이후 승인요청만 드려도 무방합니다. (승인 기한과 방법은 행정실에서 안내합니다만, 계획서 승인이 지연되는 경우에는 학생이 교수님께 안내해주시기 바랍니다.)

2-1.) 학점인정신청서를 내야 되는지 모르겠어요. 
※지도교수 소속대학과 학점인정 받고자 하는 대학이 같은 경우 제출할 필요 없음

[제출하지 않아도 되는 경우]
공과대학-기계공학부 교수님께 계획서 신청
공과대학-신소재공학부 1전공 학생 => 공과대학 학점인정 (같은 공과대학)

[제출해야 되는 경우]
공과대학-기계공학부 교수님께 계획서 신청 
공과대학 1전공, 정보통신대학 2전공 학생 =>2전공 정보통신대학 학점으로 인정 받고자 함

2-2.) 학점인정신청서 제출시 학과장님 서명이 필수인가요?
2025학년도 1학기 부터 학부생 연구학점제의 학점인정신청서 제출 시 본인이 전공을 취득하고자 하는 학과의 학과장님 서명이 필수로 요구됩니다.
     
3) 혼자 참여할 수 있나요?
4인 이하의 팀 연구를 진행하는 것을 원칙으로 하되, 지도교수님이 계획서를 승인하면 가능합니다. (단, 개인 연구에는 지도 대학원생이 배정되지 않음)

4) 지도교수 소속대학에서 학부생 연구학점제를 운영하지 않으면 어떻게 해야 되나요?
지도교수 소속대학의 전공학점으로 이수할 수는 없고, 학생 전공으로 신청이 가능할 순 있습니다. 다만, 학과별 상황에 따라 달라질 수 있기 때문에 대학원팀으로 문의 바랍니다.

5) 이미 학부생 연구학점제를 들었는데 또 들을 수 있나요?
학부생 연구학점제로 재학 중 최대 10학점을 학사과정 전공학점으로 인정받을 수 있습니다. 

6) 성적은 P/F 로 받을 수도 있나요?
일반성적(A+~F)으로 평가합니다. (단, 경제대학, 사범대학, 정보통신대학 일부(정보통신연구학점 3~5)은 P/F로 부여, )

7) 수업료는 누구나 다 내야되나요?
계절학기 학부생 연구학점제 참여는 수업료를 내야하는 것이 원칙입니다. 승인된 학생들에게 납부기한을 개별 안내할 예정입니다. 단, 자연계 특기자전형(과학인재전형 포함)으로 입학한 학생은 수업료를 납부하지 않아도 됩니다.

8) 수강신청은 어떻게 하나요?
학부생 연구학점제 교과목은 학생이 직접 수강 신청하는 것이 아니고, 직권으로 수강 신청 처리됩니다. 다만, 수강 신청 처리를 위해서는 반드시 본인의 수강 가능 학점에서 2학점을 비워 두셔야 합니다. 

9) 연구주제 변경 가능한가요?
지도교수님과 협의 후 변경 가능하나 연구 계획서를 다시 제출하셔야 합니다. 본인의 학번, 성명, 지도교수님 성함을 명시하고 수정본 파일을 첨부하여 west0chang@skku.edu로 메일 주시기 바랍니다. (~2025. 05. 28.(수) 16:30까지)

10) 연구결과보고서, 공개발표보고서를 수정하여 다시 업로드할 수 있나요?
보고서 제출기간 이후에는 수정 불가합니다. 보고서 제출기한 전 수정이 필요한 경우 대학원 팀으로 문의 주시기 바랍니다.

11) 제출파일 양식 다운로드가 안됩니다.
크롬, 웨일 등의 브라우저에서는 양식 파일 다운로드가 되지 않을 수 있습니다. 인터넷 익스플로러로 재접속하여 시도해 주시기 바랍니다.

12) 공개발표보고서에 꼭 사진이 들어가야 하나요?
발표자의 모습이 확인되지 않는 경우, (사진 미첨부, 발표자료만 첨부 등) 성적이 부여되지 않을 수 있으니, 반드시 발표 장면을 담은 사진을 넣어 제출하여 주시기 바랍니다. 

13) 온라인 발표도 가능한가요?
오프라인이 원칙이나, 온라인도 허용하고 있습니다. 발표자 발표모습과 발표자료를 확인할 수 있어야 하며, 지도교수가 온라인 발표에 참여한 것도 확인이 가능해야 합니다. 

14) 지도대학원생은 언제 배정되나요?
학부생 연구학점제 계획서 승인이 끝난 후, 필요한 경우에만 교수님께서 선정합니다.

15) 新3품인증제 인턴십 영역 인정을 받을 수 있나요?
네, 학부생 연구학점제를 수강하여 2학점 이상 취득하시면 인정 가능합니다.

※ 학부생 연구학점제 운영지침을 숙지하지 않아 발생하는 문제를 학교에서 책임지지 않습니다. 
※ 운영지침 및 공지사항 내용으로 해결되지 않는 내용이 있으실 경우 대학원팀으로 문의 주십시오. 
 ※ 대학원팀 ( 02-740-1724)",[학사],2025-05-16,2025-05-20 00:06:29,홈페이지 공지사항
127276,20세 병역판정검사 후 입영 제도 안내,"'20세 병역판정검사 후 입영' 제도 신설에 따라 2025년도 병역판정검사대상자(2006년생) 중 2026년도 입영을 희망하는 사람은 2026년도 병역판정검사 희망월과 입영 희망월을 사전 신청할 수 있다고 하오니, 참고하시길 바랍니다.


1) 대    상 : 2006년생 중 2026년도에 병역판정검사를 받고 같은 해 입영을 희망하는 사람
2) 인    원 : 총 10,000명(월별, 관할 병무청별 선착순 마감)
3) 신청기간 : 현재 ~ 2025.9.30.(화) 18:00까지
4) 검사 및 입영시기 : 병역판정검사 희망월과 입영 희망월은 3개월 간격
        *예: 병역판정검사 2026년 2월 - 입영 2026년 5월
5) 신청방법 : 병무청 누리집→민원신청→20세 병역판정검사 후 입영 본인선택→(신청사유) 20세 병역판정검사 후 입영→신청",[일반],2025-05-16,2025-05-20 00:06:29,홈페이지 공지사항
127275,문과대학 러시아어문학과 행정조교 모집(~5/22),"성균관대학교 문과대학 러시아어문학과에서 행정업무를 담당할 행정조교를 다음과 같이 모집합니다.

1. 모집분야: 문과대학 러시아어문학과 행정조교 1명

2. 근무지: 성균관대학교 인문과학캠퍼스(서울)

3. 담당업무: 학과사무실 행정지원 업무

4. 근로조건
□ 근로시간: 09:00~18:00 (월~금, 주 5일 풀타임 근무)
□ 근무기간: 2025.6.1.~2026.2.28.
□ 임기만료 후 상호 협의 하에 재계약 가능, 최대 근무가능기간 2년(교내 교육조교, 행정조교 근무 기간 포함)

5. 급여 및 처우
□ 본교 행정조교 급여 기준 적용(세전 月 2,096,300원)
□ 4대 보험 가입
□ 1년 이상 근무 시 퇴직금 지급

6. 지원자격
□ 학사 학위 이상 소지자(전문학사 불가, 임용일기준 졸업예정자 불가) 
□ 본교 대학원 재학,휴학,수료생 지원 불가
□ 2025년 6월 1일 이후 근무 가능한 자

7. 전형방법
□ 서류전형 및 면접전형
□ 면접일자: 5월 22일 이후 별도통보
※ 서류전형 합격자에 한해 개별 통보

8. 서류전형 제출기한 및 방법
□ 제출기한: ~ 2025년 5월 22일(목) 17:00까지 
□ 제출서류
 - 행정조교 지원서(첨부파일) 1부
 - 개인정보 수집 ‧ 이용 동의서(첨부파일) 1부
□ 지원 방법: E-mail 접수 (munhoaaa@skku.edu) 
※ 이메일 제목: 문과대학 행정조교 지원_본인 성명
※ 개인정보는 행정조교 채용 목적으로만 수집/이용되며, 수집한 정보는 모집 종료 후 일괄 폐기합니다

9. 기타 
□ 본교 인사규정 상 결격사유가 없어야 함 
□ 기재사항 및 제출서류가 허위인 경우 채용이 취소됨 
□ 채용서류의 전자적 접수로 인하여 서류는 반환되지 않음

10. 문의 : 02-760-0914| 채용절차의 공정화에 관한 법률 제1조(채용서류의 반환 등)                                                  |
| 2 구인자는 구직자의 채용 여부가 확정된 이후 구직자(확정된 채용대상자는 제외한다) SNES WEE APSE BS ㅣ
ㅣ 에는 본인임을 확인한 후 대통령령으로 정하는 바에 따라 반환하여야 한다. 다만, 제7조 제1항에 따라 홈페이지 또는 ㅣ
ㅣ 전자우편으로 제출된 경우나 구직자가 구인자의 요구 없이 자발적으로 제출한 경우에는 그러하지 아니하다.             |
| @ 제1황에 따른 구직자의 채용서류 반환 청구는 서면 또는 전자적 방법 등 고용노동부령으로 정하는 바에 따라 하여야 한다. ㅣ
| @ 구인자는 제1황에 따른 구직자의 반환 청구에 대비하여 대통령령으로 정하는 기간 동안 채용서류를 보관하여야 한다.
| OR 천재지변이나 그 밖에 구인자에게 책임 없는 사유로 채용서류가 멸실된 경우 구인자는 제1항에 따른 채용서류의 ㅣ
ㅣ ㅣ 반환 의무를 이행한 것으로 본다.                                                                   |
| @ 구인자는 대통령령으로 정한 반환의 청구기간이 지난 경우 및 채용서류를 반환하지 아니한 경우에는 「개인정보 보호법.에 |
ㅣ 따라 채용서류를 파기하여야 한다
|. @ 제1항에 따른 채용서류의 반환에 소요되는 비용은 원칙적으로 구인자가 부담한다. 다만. 구인자는 대통령령으로 정하는 . ㅣ
ㅣ 범위에서 채용서류의 반환에 소요되는 비용을 구직자에게 부담하게 할 수 있다.                                |",[채용/모집],2025-05-16,2025-05-20 00:06:29,홈페이지 공지사항
127273,[성균관대학교 X 잇다] 제휴대학 학생 대상 리워드 이벤트 안내(5/1~5/30),"[성균관대학교 X 잇다] 제휴대학 학생 대상 리워드 이벤트 안내(5/1~5/30)

우리 대학 제휴 서비스, 현직자 멘토링 플랫폼 잇다(itdaa)에서 제휴대학 대학생들을 위한 가입 이벤트를 진행하고 있습니다.

취업 준비를 위한 현직자 멘토링도 받고, AI 인성검사권, 올영·스벅 기프티콘도 챙겨보세요!

이벤트 기간
2025년 5월 1일(목) ~ 5월 30일(금)

이벤트 혜택  
ㅁ 참여자 전원 : AI 인성검사권 (18,000원 상당)
*검사 결과 기반 자소서 초안, 인성 면접 예상 질문이 제공됩니다!
ㅁ 추첨 혜택 : 올리브영 3만원권 (10명), 스타벅스 아메리카노 T 쿠폰 (30명)

참여 방법
1. 성균관대학교 학교이메일(@skku.edu , @g.skku.edu)로 잇다 가입
2. 멘티 프로필 작성
 → 자동 응모 완료!

*기존 가입자도 멘티 프로필만 작성되어 있다면 자동 응모됩니다.

>>> 이벤트 참여하러 가기 (https://www.itdaa.net/event/univ)
>>> 우리 학교 혜택 확인하러 가기(https://www.itdaa.net/partner_university)


*당첨자는 이벤트 종료 후 1주 이내 잇다 홈페이지 공지 및 개별 문자로 안내될 예정입니다.8      7)   (Se
Al QS At BAe! (M2! MIS) 12,0002 42
0
올리브영 3만원권 (10명)
스타벅스 아메리카노 1 (50명)",[취업],2025-05-16,2025-05-20 00:06:29,홈페이지 공지사항
126930,행복나눔재단 Sunny Scholar in 의성 모집 안내(도전학기 연계-新3품 인턴십 시간 인정),"-------------------- 이수 시 도전학기 연계-新3품 인턴십 280시간 인정 ---------------------------------

SK행복나눔재단에서 주최하는 Sunny Scholar는 대학생들이 해결 가능한 크기로 '문제 정의' 하여, 사회문제 해결에 주체적으로 나설 수 있도록 8개월간 체계적인 교육과 밀도 높은 현장을 제공하는 SK행복나눔재단의 대표 청년 인재 육성 프로그램입니다. 학생 여러분의 많은 관심 바랍니다.
 
Sunny Scholar in 의성은 Sunny Scholar의 해결 가능한 크기로 문제를 정의하는 방법을 지역에 도입해 
지역 내 숨겨진 문제를 발굴하고 해결 방안을 모색하는 신규 프로젝트로, 첫 실험지는 경북 의성입니다.

이번 기수는 2025년 4월 28일(월) ~ 5월 18일(일) 자정까지 모집합니다. 

*지원 방법  
지원페이지(https://sunnyscholarlocal.oopy.io/) 내에서 지원하기 클릭하여 접수

* 혜택
이수 시 도전학기 연계-新3품 인턴십 280시간 인정

*문의사항 
Sunny 사무국 문지현 매니저 : 070-7601-4409 / sksunny@skhappiness.org는 지역문                                °
더오래, 더가까이가야보이는지역문제                  이스 eau
,
SCHOLAR     at —
a
~                                         02 ie |
218 iy                                        a      =
OTE gag eee EER ay           cs                   —
10470 049.                        (6)
LY rr                 e i          :
+ So:                     |           _
ab)            .   0!         esto ee ote ne ene Ua
SG |  y                    a |           {Plats of6 se rn
\\
\
agen              |
바라
ㅣ
“…
…        1
| 4                                  ,
Pact
세 ~
ME 에 al ee
:         eS an peosreseemrescern              S18 oy
5 i          SIRF IE Bw RICE            eae,
1       | Sore uot oyna cx ac ret           aR
x      Uf     a!                                  Saggy hE ta 7g Nay
|     기                                        ie At sey ge
>    |e                                NS Ses wie
oem                                              ie
지역 문제를 직접 살아보면서 찾아보면 어떨까?
54004 901010110 의성은 대화생이 직접 경북 의성에 거주하며,
긴호으로 사회문제를 관찰하고 정의해보는 현장 기반 연구 프로책트입니다.                                                느니                     니니
지역 속에 숨겨진 문제를 발굴하고, 그 해법까지 모색하는 깊이 있는 탐구의 여정을 재공합니다.                            -
                                        의성숙식비및    보보
‘23 7: 2005.04, 28-2028 0518                                                         로           Eade
26 7c: 2025.06 ~2028 1 (6-018 14 18) ewe EVD                       4.      a
6 For es NN Lae REP Had, OILS <tO2D                     (ia)      CO
ss 2s 9 He a ee A as0e! 8 AED
toon we eat 33
Ze Us mpayannschsorsop6                        “nts 8 9 se teen ge esi AOL.",[채용/모집],2025-05-16,2025-05-20 00:06:29,홈페이지 공지사항
126700,Join the <SKKU KAEP Korean Philosophy Overseas Supporters> Program,"Hello!
The K-Academic Expansion Center at the Institute of Korean Philosophy and Culture, Sungkyunkwan University (SKKU), in collaboration with the Institute of Korea Confucian Culture, will host the SKKU Korean Philosophy Overseas Supporters Program from July 26 (Saturday) to July 28 (Monday), 2025, in Nonsan, Chungcheongnam-do.

This immersive, two-night, three-day program is open to international students and SKKU exchange students who have completed online courses on Korean philosophy produced by the Center and submitted outstanding essays.

Check the online courses on Coursera
https://www.coursera.org/instructor/~67304806

This is a unique opportunity for students deeply interested in Korean philosophy and Confucian culture to visit key Confucian sites in Nonsan and engage in cultural experiences alongside fellow international participants.

View the program highlights from last year
https://swb.skku.edu/kphilo/notice2.do?mode=view&articleNo=51527&article.offset=0&articleLimit=10

Program Details
Program Title: SKKU Korean Philosophy Overseas Supporters Program
Organized by: K-Academic Expansion Project (KAEP), Institute of Korean Philosophy and Culture, SKKU
Dates: July 26–28, 2025 (2 nights, 3 days)
Venue: Institute of Korea Confucian Culture, Nonsan, Chungcheongnam-do

Program Highlights
Guided cultural programs hosted by the Institute of Korea Confucian Culture
Special lectures led by scholars from the K-Academic Expansion Center

Benefits
Full coverage of participation costs (meals, accommodation, transportation)
Certificate of program completion

Application Information
Application Period: April 15 (Mon) – June 1 (Sun), 2025, or until all slots are filled
Selection Results: Applicants will be notified individually
Application Link: https://forms.gle/M2xsCcJrhrnJa1t16
(Only up to 5 participants will be selected. Early closure may occur if the quota is met.)

Contact
K-Academic Expansion Center
Email: kphilo2021@skku.eduTel: 02-740-1863Join the
2025 SKKU Korean Philosophy
Overseas Supporters
What is the KAEP at SKKU?
KAEP(K-Academic Expansion Project) Center makes online courses on Korean
philosophy from 2021. Each course consists of 5 to 10 weeks, and we will open more
than 50 courses by 2026
What we ask                        Ono]
* Share your ideas, experiences, and suggestions on courses!          Sete =e i
＊ To apply, please watch the lecture video and submit your ESSAY.   Nd gant
* Link: https://forms.gle/M2xsCcJrhrnJaltl6                           ES en Lies
Beets
The Courses are available an
K-MCOC courserda
aera                                                   어보
eae       Peri
vag              nate
nee                               eee ae
OES        Eons
Period
April 14 - June 1, 2025
Benefits                                       슴
Invitation to SKKU Korean Philosophy Overseas Supporters Programat f= \__
the Institute of Korean Confucian Culture in Nonsan (July 26-28, 2025:           = = ~
i
the participation fee supported including accommodations and meals)        ¢ at
Contact                                                                                                        [기
Email: kphilo2021@skku.edu                                                                                 mm 내
= = =
WS SSS 이니 ESS SSRN",[채용/모집],2025-05-16,2025-05-20 00:06:29,홈페이지 공지사항
126750,[한국장학재단] 2025-1학기 주거안정장학금 지급 안내,"2025학년도 1학기 한국장학재단 주거안정장학금을 신청하여 승인된 학생은 아래와 같이 장학금 지급 예정이오니 확인바랍니다.

 1. 지급 대상 : 주거안정장학금 승인 완료된 학생(한국장학재단 홈페이지 확인)
 2. 지급 계획
   - 2025년 3월분 : 장학금 승인자 중 서약서 제출을 완료한 학생 지급 완료됨
   - 2025년 4~6월분 : 장학금 승인자 중 서약서 제출 완료 및 월별 지급 요청서를 제출한 학생에 한하여 6월 말 지급
    (4~6월 지급 요청서 제출한 3개월 분의 장학금을 일괄 지급)
  ※ 서약서 제출이 지연되어 5월 초에 3월분 지급이 되지 않은 경우, 3~6월분 전체를 6월 말 일괄 지급

 3. 장학생 조치 필요 사항(필수)
   - 4~6월분 지급요청서를 월별로 작성하여 제출 -> 미제출시 장학금 지급 불가 (첨부파일 매뉴얼 확인)
   - GLS 장학영역-장학금수령계좌등록 메뉴에서 본인 명의의 계좌 등록 -> 미등록시 장학금 지급 불가

* 장학생 선발 심사 및 서류 제출 등 관련 문의 : 한국장학재단(1599-2000)
* 장학금 지급 처리 관련 문의 : 학생지원팀(031-290-5098)",[장학],2025-05-16,2025-05-20 00:06:29,홈페이지 공지사항
127254,2025년 경기국제공항 홍보 서포터즈 모집 안내,"경기도에서 경기국제공항 인식도 제고 및 홍보를 통한 공감대 조성을 위해 「2025년 경기국제공항 홍보 서포터즈」를 아래와 같이 모집하오니,  관심 있는 학생 분들의 많은 지원 부탁드립니다.

○ 모집기간 : 25. 5. 20.(화) ~ 6. 6.(금)
○ 모집대상 : 신청일 기준 성인인 경기도민 30명 내외(만 19세 이상)
  - 경기국제공항에 대해 관심이 있는 도민
  - SNS, 유튜브, 개인 블로그 등 활성화된 본인 소통 기반이 있는 도민
  - 활동기간 주요 행사 등에 적극적인 참여가 가능한 도민
○ 활동내용 : 경기국제공항 홍보 게시물 작성 및 추진사업 관련 컨텐츠 제작 및 홍보 등
○ 지원내용 : 활동 인센티브 지급, 역량강화 워크숍 등
○ 신청방법 : 신청서 이메일 접수(jhr816@gg.go.kr)
○ 문 의 처 : 경기국제공항 공항협력팀(031-8008-5756)oo
on   ㅣ
‘   ©    y     제
KS            i
vv        대
|]
=
동보 서포터즈
=               ome &
Ey                       Ge .
   2
9
Be          °
(20
qe.
(e
          arse
SS =
GD
경기국제공항주진단 공항협력팀 / 031-8008-5756
Sea a=",[채용/모집],2025-05-16,2025-05-20 00:06:29,홈페이지 공지사항
127247,2025년도 일촌장학재단 장학생 선발 안내 (~2025년 5월 30일(금)까지),"사업 취지
가정형편이 어려우나 각종 지원 사업의 사각지대에 있어 어려움을 겪고 있는 학생들에게 장학금을 지원함으로써 용기를 갖고 노력하여 장차 건실한 사회 구성원으로 성장하는데 기여하고자 함

지원 대상(자격 요건)
1. 지원 대상 : 기초생활수급자, 차상위계층, 저소득층 한부모가정, 한국장학재단에서 
설정하는 2025년 학자금 지원구간 2구간까지 (에 해당하며, 다문화가정, 새터민 가족(※참고)인 경우 약간명 우선 선발) _ 가능한 증빙 서류 모두 제출
 ※ 참고
 다문화가정 : 혼인관계증명서, 기본증명서(외국인 부 또는 모) - 새터민가족 : 북한이탈주민 등록확인서

2. 필수 요건
 ① 학년, 학점 요건_ 2025년 재학생(2, 3학년)이며 2025년 1학기 12학점 이상
(2025년 2학기도 12학점 이상 이수하여야) 이수
 ② 성적요건_ 2024년 2학기 또는 복학 직전학기 성적이 평균 c학점(2025년 1학기 
성적도 평균 c학점 이상일 것 _2학기 장학금 수령 요건) 이상
※ 2025년도에 1년간 일촌장학생으로 선발된 학생은 2025년도 2학기 장학금 수혜 
전, ①, ②의 ( ) 요건에 부합하는지 확인을 위한 재학증명서와 성적증명서 제출 의무
가 있으며, 결격사항이 있을 경우 2학기 장학금 수혜가 불가능할 수 있음에 유의. 

제출 서류 
1) 장학생 신청서
2) 소속 학부장 또는 전공주임교수 추천서(양식 없음)
3) 자기소개서
4) 지원대상 관련 증빙 서류
5) 주민등록등본(본인·세대원 앞자리까지 공개)
6) 가족관계증명서(본인·세대원 앞자리까지 공개)
7) 재학증명서
8) 성적증명서
9) 2025년도 교내•외 장학금 수령 내역(성적 우수 장학, 근로 장학, 등록금 용도, 생
활비 용도 장학 등) 증빙 서류 _복사본이나 컴퓨터 화면 캡쳐한 인쇄물 가능
10) 장학금을 수령할 본인 명의의 계좌가 찍힌 통장사본
※ 모든 서류는 제출 당일부터 3개월 내에 발급된 것만 유효함. 장학 금액 및 지급일

3. 제출방법
  ■ GLS-[장학영역]-[장학금보기]-[장학금모아보기]에서 장학금명 클릭 후 신청 
  ★ 각 파일명[장학금명_성명_학번_서류명]을 꼭 기입하여 제출
  ★ 암호화된 파일은 해제 후 제출 
  ※ 모든 서류는 원본파일 또는 스캔본(PDF)으로만 제출 가능하며 사진 또는 식별 불가능한 파일은 접수 불가
  ※ 서류 내 서명란에는 자필 서명 혹은 도장 날인만 가능(워드 입력 불가)
  ※ 추천서에 총장님 직인 날인 란이 있는 경우 비워두고 제출 (선발 학생 한해 학교 측에서 날인하여 송부 예정)


4. 장학 금액: 총 2,500,000원(1학기 1,000,000원(7~8월), 2학기 1,500,000원(12월)_ 2회로 나누어 지급)

5. 장학금 성격: 생활비 용도

6. 선발 과정
: 지원 학생은 각 대학교내 장학지원팀에 서류(학생의 신청서와 자기소개서 하단부의 이름과 서명은 반드시 자필로 작성되어 있어야 함)를 제출하여야 함.

7. 선발 방법 : 본 재단의 내규 지침에 따라 서류 심사 후 최종 선발

8. 합격자 발표 : 2025년 6월 24일(화)까지 각 대학 장학담당부서에 공지할 예정. 
 따라서 다음날부터 각 대학 장학담당부서에서 확인 가능

9. 장학증서 및 장학금 전달 : 장학증서는 우편으로 먼저 송부(2025년 6월 30일~7월 초)에 받을 수 있는 주소를 신청서에 기재)하며,장학금은 장학증서 수령이 확인된 후 신청서에 기입된 학생 개인 은행 계좌로 입금됨_ 장학증서 수령 확인을 위하여 장학증서를 들고 얼굴과 함께 나온 사진을 찍어 이메일(노서영 사무국장: 010-9233-3941)로 전송하여야 함

※  지급예정 기간(2025년)내 휴학, 자퇴, 제적, 편입, 졸업 등 학적변동이나 선발대상에서 제외되는 
사유가 있을 경우에는 학교장의 장학생 교체신청 및 재단의 심사에 의하여 장학생 교체가 가능함 
※ 기타 사항: 담당자(사무국장 노서영 이메일_ ilchon11@naver.com)로 문의 
바랍니다.

[첨부파일]
붙임1. 선발공고
붙임2. 장학생 신청서",[장학],2025-05-16,2025-05-20 00:06:29,홈페이지 공지사항
127244,2025년 지난대 어학연수 장학생 선발 사업 안내,"수원시 국제자매도시인 중국 지난시의 “중국 지난시 국제자매우호도시 장학금” 지원 정책에 따라, 수원 소재 대학교 학생 및 수원시민 대학생을 대상으로 중국 지난대학교 어학연수 장학생을 모집합니다. 중국 현지 언어문화연수에 관심 있으신 분들의 많은 참여 부탁드립니다.

* 자세한 사항은 첨부파일의 선발 요강 참고",[장학],2025-05-16,2025-05-20 00:06:29,홈페이지 공지사항
127243,"[온라인 연구] 일상 속 정서 조절 연구 ""우울한"" 참가자 모집!","안녕하세요.

성균관대학교 임상심리 EDC 연구실에서 현재 우울한 기분을 경험하는 대학생을 대상으로 7일간 일상생활 속 짧은 온라인 설문에 참여할 연구 참여자를 모집합니다. 

연구 설명: 본 연구는 일상생활 속에서 감정을 조절하는 경험이 개인의 정신 건강에 미치는 영향에 대해 알아보는 연구를 진행하고자 합니다.

참여 대상:
① 만 19세 이상의 성균관대학교 학부 재학생
② 한국어가 모국어인 한국인
③ 지난 2주 동안 거의 매일 우울한 기분을 느끼고 있는 사람

참여 제외 기준:
①  과거 및 현재 양극성 정동장애(조울증) 병력 있는 사람
②  과거 및 현재 정신병적 장애 병력 있는 사람

연구 절차(모두 온라인/비대면으로 진행):
① 온라인 임상 면접(약 30~40분 소요): 연구 대상자 기준에 충족하는지 확인하는 절차로, Zoom을 통해 간단한 임상 면접 진행
② 일상생활 온라인 설문(하루에 대략 12분, 총 80분 소요): 연구 기준에 충족하실 경우, 핸드폰 앱을 통해 7일 동안 하루에 6번 일상생활 중 2분 정도의 간단한 설문 응답

연구 참여 보상(최대 2만 원):
① 사전 임상 면접 참여: 참여자 전원 5,000원 보상 지급
② 일상생활 설문 참여: 설문 완료율에 따라 추가 15,000원 보상 지급

참가 신청 방법:
● 연구 참여를 희망하시는 분은 아래의 링크를 통해 설문에 참여해 주세요. 
● 연구자가 개별 연락을 드릴 것이며, 응답 내용에 따라 연구 참여 여부가 달라질 수 있습니다.
https://forms.gle/gXUqZmTuGs1saMfZA

연구 관련 문의: seojeongkim@g.skku.edu
● 본 연구는 성균관대학교 생명윤리심의위원회(IRB)에서 승인되었습니다.
● IRB 승인 번호: 2024-09-005성균관대학교 임상심리대학원 60ㅇ 연구실
우울한 기분을 경험하는
~          =             으으 =          | 퍼

연구절명 근상생활 속에서 감정을 조절하는 경혐이 개인의 정신건강(우울)에 미
~          치는 영향에 대해 알아보는 연구를 진행하고자 합니다.
1. 만 19세 이상의 성균관대학교 학부 재학생
찰여대장 2. 한국어가 모국어인 한국인
3. 지난 2주 동안 거의 매일 우울한 기분을 느끼고 있는 사람
1. 사전 임상 면접 (30~40분 소요): 일상생활 설문 연구 대상 기준에
연구방법 ㅎ즈하는지 확인하는 절차(비대면으로 진행)
2. 일상생활 설문: 연구 기준에 충족하실 경우, 7일 동안 하루에 6번
일상생활 중 2분 정도의 간단한 설문 응답
연구참여보장 1. 사전 임상 면접 참여: 참여자 전원 5,000원 보상 지급
842만련) 2. 일상생활 설문 참여: 설문 완료율에 따라 추가 15,000원 보상 지급
참여를 희망하시는 분은 아래의 코드를 통해 설문에 참여해 주세요.
참가진청방법 연구자가 개별 연락을 드릴 것이며, 응답 내용에 따라 연구참여 여부가
달라질 수 있습니다.
연구관련문의 660160091001@0.51004.604
~          a   ee
S             내   뜨  nee
ee a Le
A         ri eT t=
£2               > Pee a
나 1
- | 민변
aS
본 연구는 성균관대학교 생명윤리심의위원회(!08)에서 승인되었습니다. (108 승인 번호 2024-09~005)",[채용/모집],2025-05-16,2025-05-20 00:06:29,홈페이지 공지사항
127240,[뇌과학이미징연구단] 얼굴인지 및 지각 실험 참여자 모집,"안녕하세요.
성균관대학교 뇌과학이미징연구단에서 얼굴인지 및 지각 실험 참여자를 모집합니다.
기존과는 다르게 피험비가 변경되었으므로 반드시 확인 후 지원 부탁 드립니다!

본 실험은 얼굴 인식 및 지각 과정에서 신경 메커니즘을 이해하는 것을 목적으로 합니다. 본 연구는 기본적으로 여러 차례 세션으로 구성된 실험입니다. 우선 2번의 실험이 진행되며, 실험당 대략 1.5~ 2시간 정도 소요됩니다.
 2번의 실험 이후에는 연구 조건에 따라 일부 참가자는 추가 세션에 계속 참여하게 됩니다. 
(추가 세션 참여 여부는 2번의 실험 결과 및 실험 기준에 따라 결정됩니다). 

본 연구의 발전에 귀중한 이바지를 해 주실 수 있도록 성실한 협조와 적극적인 참여를 부탁 드립니다.

1. 실험장소: 성균관대학교 자연과학캠퍼스 N센터 3층

2. 실험 참여 제외 대상자:
①	교정시력이 매우 나쁘거나 색맹 혹은 색약
②	정신과적 병력이 있는 자
③   뇌과학이미징연구단 소속

3. 실험 참여 보상:
10,000원/최초 1시간 (30분 초과 시마다 5,000원씩 추가 지급) 

4. 주의사항:
실험 전날 음주를 삼가시고 반드시 7시간 이상 충분한 수면을 취하시길 당부합니다.

5. 실험 참여 신청 방법:
① 첨부된 파일(실험 참여 방법.pptx)을 확인해서 온라인 설문을 작성하고 실험 참여를 신청해주시기 바랍니다.
② 온라인 설문 작성 후에 저희 연구실 카카오톡 채널(뇌과학이미징연구단 SIN Lab: http://pf.kakao.com/_xosWxdn)로 연락을 부탁드립니다.

※ 설문 참여 후 연락을 안주시면 참여 확인이 어렵습니다※



공지사항을 꼼꼼히 숙지하신 후 연락을 주시면 감사하겠습니다. 연구에 도움을 주신다는 생각으로 실험에 성실히 참여해주시길 부탁드립니다.
다른 궁금하신 사항이 있으시면 카카오톡 채널(뇌과학이미징연구단 SIN Lab: http://pf.kakao.com/_xosWxdn)로 연락주시기 바랍니다.",[채용/모집],2025-05-15,2025-05-20 00:06:29,홈페이지 공지사항
127239,삼성융합의과학원 유전자•세포치료연구소 현판식 거행,"2025년 5월 12일(월), 삼성융합의과학원에서는 ‘유전자•세포치료연구소(GCTI)’ 현판식을 거행하였다. 이날 행사에는 성균관대학교 및 삼성서울병원의 주요 인사와 삼성융합의과학원 교수진이 모두 참석한 가운데 진행되었다.

삼성융합의과학원 장윤실 원장은 유전자•세포치료연구소의 소장으로서 연구소 설립 의의를 설명하였고, 이어서 최병옥 센터장과 김상진 위원, 장종욱 위원이 차례로 연구소의 주요 연구 현황 및 성과를 소개하였다.

이날 행사에서, 유지범 총장은 어려운 환경 속에서도 인류의 건강 증진을 위해 매진하는 연구진의 노고에 존경과 감사의 마음을 전하였고, 박승우 삼성서울병원장은 치료제 개발에 힘쓰는 연구진에 많은 관심과 격려를 당부하였다.gre? 6 oe  :
ay’ | aim?
| 11111 1 w",[행사/세미나],2025-05-15,2025-05-20 00:06:29,홈페이지 공지사항
127130,[학생성공센터 대학원] 2025학년도 대학원 국어 프레젠테이션 역량 강화 워크숍 신청안내(~5.16),"학생성공센터에서 대학원생을 위한 발표 역량 강화 워크숍을 진행합니다.
여러분의 많은 관심과 신청 바랍니다.

□  모집대상: 본교 대학원 재학생, 연구등록생(1~4기)   ※ 수료생 불가

□  모집인원: 총 80명(캠퍼스별 40명)

□ 일정 및 장소
           - 자과캠: 05.26.(월) 10:00~17:00 제2공학관 26106호
           - 인사캠: 05.30.(금) 10:00~17:00 국제관 9B218호
                            (※  중식제공: 전과정 참여자에 한)
□ 설문 조사: https://forms.gle/DXV9TqsFLJXJJYn2A 
                         (설문조사에서 특강, 코칭 개별 신청 가능, 코칭과정의 경우 신청자 없을 경우 취소가능)
□신청기간: 2025.05.08.(목) ~ 05.16.(금)

□ 신청방법:  킹고ID 로그인 → 챌린지스퀘어 → 비교과 프로그램 → 수강신청 → 검색 “국어 프레젠테이션”
                         인사캠 분반: 01, 자과캠 분반: 02 

□ 문        의: 학생성공센터행정실 (인사캠: 02- 740- 1768/자과캠: 031-299-4075)66: 희생성궁센터
2025             =
ie
대학원
on                           -
국어 프레젠테이션
역량 강화 워크숍         +
10 ol Hi—더                   x 종도
—          국어 프레젠테이션 역량 강화 워크숍 안내        2
신청기간&방법                                    개
신청기간 2025.05.08.목)|- 202505.16금)      대상 대학원재학생, 연구등록1-4기
신청방법 친지스퀘어 > 비교과프로그램                 cis bald Dy PC TOO ORO EA Ps UPd
ae acta dead alate           Peer am Eo MOU Eas eesrA호
 28                                                                       |
                                                                           *중식제공(6시간전체수강자에한}*
프로그램안내                                     *코칭 자료제출센터 이메일 0「 구글설문에첨부*
a                    EEE
°                                           강의 커리클럼              °
© parti 42} Bal 72 PAS} te YE ASE
§2{(10:00-13:00)         * 08112 68165 프레임워크:발표 준비 5단계
.                              * 0813 발표/프레젠테이션 실전 팁
A                                                              * 08114 청중의 몰입하는 발표 스토리 만들기
a <           코칭(14:00~16:50)       * 참가자 프리젠테이션 발표
pa (Soba 3)                                    * 코치 진단 및 피드백: 개인별 강약점 파악
PP oe eee eee)
=|  Bite lec Onion]",[행사/세미나],2025-05-15,2025-05-20 00:06:29,홈페이지 공지사항
127236,"5/23(금) 오후 1시, 학생성공스토리 특강 아나운서로서의 도전(홍주연 KBS 아나운서)","홍주연 동문(16, 미디어커뮤니케이션)의 특강에 여러분을 초대합니다. 

* 일시: 2025. 5. 23. (금) 13:00 ~ 14:00
* 연사: 홍주연 (미디어커뮤니케이션, 16학번)
- 現 라디오 스테이션 제로, TV쇼 진품명품 진행
- 2024 KBS 뉴스광장
- 2023 KBS 스포츠뉴스
- 2021 KBS 입사

* 참여 신청: 학교 홈페이지 킹고ID 로그인 → 챌린지스퀘어 → 비교과 프로그램 → 수강신청 → 검색 “제34회”(챌린지스퀘어 바로가기 https://m.site.naver.com/1F6SX
* 참여 방법: 오프라인 또는 온라인 강의(ZOOM) 
 - Zoom 회의 ID (사전신청자 대상 안내)
 - 장소: 인사캠 경영관 33203호(Live Virtual Studio)#오프라인 참석자 20명 선착순 마감

* 문의 – 학생성공센터행정실 (02-740-1768, stusuccess@skku.edu)제34회 학생성공스토리 특강
PL
|                  =
al -                    홍주연 (<65아나운서
뼈 라디오 스테이션 제로, VA NESS
'               L                  2024 1085 뉴스광장
a                         hae           2023 (85 스포츠뉴스
JM        r          a     |             2021 KBS JAF
|                 지        년
et        {\    eign
L                  2025.05.23. (3) 2 1:00~2:00
Kees
cbr >A a)
Ol tac                 생      전 신청자 송부
eee             Perot MONEYS oe)
MEIIAHO}     tA ral         이이이이이메이이메메어미메어이에메이에에에에에에이
제34화        ender            ㆍ관련 문의
560454006550@91004.604
02-740-1768,1763 학생성공센터
(5 확생성공센터",[행사/세미나],2025-05-15,2025-05-20 00:06:29,홈페이지 공지사항
127228,[창업지원단] 2025년 창업중심대학 혁신창업리그(클럽리그) 수도권 모집공고 (성균관대학교),"우수한 창업아이템을 보유한 예비창업팀을 발굴하고, 「도전! K-스타트업 2025」 통합 본선 진출팀으로 추천하기 위한 2025년  혁신창업리그(클럽리그) 참여자 모집을 다음과 같이 공고하오니, 관심 있는 예비창업팀의 많은 참여 바랍니다.

■ 지원자격: ‘도전! K-스타트업 2025’ 공고일 기준(‘25.2.4.) 만 39세 이하 청년 2인 이상으로 구성된 예비창업팀*
  * 팀장은 반드시 신청한 대학이 포함된 권역의 거주자이어야 하나 학부(대학원)생 이 팀장인 경우 소속 대학 기준 권역으로 신청 가능
※ 자세한 사항은 공고문 참고
   
■ 추진일정:
-신청 및 접수: 2025. 5. 19.(월) ~ 2025. 5. 30.(금)
-서류평가: 2025. 6. 5.(목)
-발표평가 및 우수 창업클럽 시상식: 2025. 6. 13.(금)

■ 시상규모: 대학별 선정평가를 통해 선발된 우수 창업팀 3개팀
 - 최우수: 창업중심대학 총장상 500만원
 - 우수상: 창업중심대힉 창업지원단장상 300만원
 - 장려상: 창업중심대힉 창업지원단장상 200만원

■ 지원방법:
   창업지원단 홈페이지(https://skkustartup.kr/notice_s/48073) → 신청하기

■ 제출서류: 붙임파일 
     ※ 자세한 사항은 창업지원단 홈페이지 붙임파일 참고

■ 문의사항: 성균관대 창업지원단
 T. 031-290-5857
 E. bjsh0424@skku.edu성균관대학교 창업지원단
줄0311290-5857@ 01510424@51104.004
ㆍ
2025년 성균관대                                                                    |
SAX              될 /
=a 신창 61          a. 3
클럽린그  < .       .
창업중심대학별 경진대회를 통해
우수한 예비창업팀을 발굴:육성하여               4         J              ,
도전! <-스타트업 2025 통합본선 진줄팀 추천                                P|
2B 212t 2025.5. 19.12) ~ 5. 30.)
지원자력                                             문영절차
도전! -스타트업 통합공고일 기준(25.2.4.)                             Saaz       SSE NSRSA wee Te
만 39세 이하 청년 2인 이상으로 구성된 창업팀             ㄱ0600ㅇ00
'인98742 geseam amu renteesK £4021)             epee
비                            이 주소                            로              오오
160094000 aap tbo a au 2 6 Ihe            레라 WUAE NE ome -aeeTe
SOMERS BETA IE aN gol BRIER OMIA | Se Neny.. Ntscewsssvtissreserocesseesseees
one                                                     06928. eH eeEAGR 80640
KIER Se WRN SE AsTI 7s OMNE.A OFF BIE!
$32,718 FO wi, lve OO BATIBO
‘922 ooo
osane
SS1k- AES; 20252711 Hee IEAI  eEIONO D
BEGH Se ATES Pee! Ho Ze, BAER ZO,              추진일점
Sone aniaeliee Baw
88 R HEIE Moo Se EHEAIO SHO! aH WO              로                             TEES
            ee
js         2025.6.5(8) 2025.6.18()
2025년 도전! <스타트업 본선 진출 후보자 추천을 위한         S150)
권역별 창업클럽 경진대회 운영 및 지원
Ailes UoUe Ws OMGIe BUH Ba UEAI BOI
0 Aint DEH 및 기술멘토링, 경진매회 스미치교육 등
최무수 참업됨에 필요한 교육 및 멘토링 등지원
신청방범           Pree fs |e] ese]
eee         최우수상       장업증심대학종장상 1B 0 5000:
홈페이지 접수""                 Ale.    =               ie    ""3000
https://www.skkustartup.kr/       12345          —_ ss eae
홈페이지 바로가기*                     Bee         Bae                 =         18 2000
Gszeasz sip Svea",[행사/세미나],2025-05-15,2025-05-20 00:06:29,홈페이지 공지사항
127234,2025 국제하계학기(ISS) Housing Assistant 모집,"올 여름, 외국인 학생들의 한국 생활을 함께 만들어갈 조교를 찾습니다.

ISS Housing Assistant(HA)는 단순한 기숙사 관리 업무를 넘어, 글로벌 학생들이 한국에서의 생활에 빠르게 적응할 수 있도록 돕는 중요한 역할입니다. 외국인 학생들의 생활 환경을 세심하게 챙기며 다양한 문화와의 만남을 경험하고 싶은 학우라면, 이번 여름 잊지 못할 성장의 기회를 잡아보세요.

책임감과 배려심을 갖춘 여러분의 지원을 기다립니다.

■ 모집 분야
HA (Housing Assistant)
· 모집인원: 총 3명 (남자 1명, 여자 2명 선발 예정 / 지원 상황에 따라 조정 가능)

■ 주요업무
ISS 참가자 대상 기숙사 운영 및 생활 지원

■ 특전
ISS 수업료 면제 또는 근로장학금(최저시급) 지급
근무 기간 중 G하우스 기숙사비 전액 면제

■ 지원 자격 및 유의사항
학부 재학생 및 휴학생 모두 지원 가능
문화행사 참가 불가
수강신청을 이미 완료한 경우, 합격 시 환불 관련 별도 안내 예정
해당 업무 성격과 일정을 충분히 숙지 후 지원 바랍니다

■ 근무장소
G하우스

■ 근무기간
6월 26일 ~ 7월 27일

■ 근무시간
평일: 월~목 / 일일 3시간 이상 근무 (수업 및 일정에 따라 조율 가능)
주말: 입사일(6월 26일), 퇴사일(7월 27일)만 09:00~18:00 근무

■ 지원 방법
첨부된 지원서 양식 확인 후 작성 (성명 외 전부 영어 작성)
구글폼 제출, 제출 링크: https://forms.gle/GnRAhVRfEWS7bh9D6
파일명 예시: HA_홍길동.pdf
제출마감일: 2025년 5월 28일(수)
※ 킹고메일(@g.skku.edu) 계정으로만 구글폼 접속 가능

■ 선발 일정
서류 및 면접 전형 후 개별 연락 예정

당신의 작은 도움이 누군가에게는 따뜻한 기억이 됩니다. 국제하계학기 HA로 함께해주세요.

문의: 02-760-0184 / issoffice@skku.edu",[채용/모집],2025-05-15,2025-05-20 00:06:29,홈페이지 공지사항
127232,20세상 청년국토대장정 행사 안내,"여름 청년들의 휴식과 추억, 내면의 성장을 위해 ""여름 밤하늘에 수놓은 추억을 담은 별""이라는 주제로 2025 여름 제주도 대종주를 진행하오니 학우분들의 많은 관심 부탁드립니다.

가. 행사명 : 2025 여름 제주도 대종주
나. 일   시 : 61회 - 2025년 7월 9일 ~ 7월 17일 (8박 9일간)
                  62회 - 2025년 7월 29일 ~ 8월 6일 (8박 9일간)
다. 주   제 : "" 여름 밤하늘에 수놓은 추억을 담은 별""
라. 대   상 : 20대 청년
마. 장   소 : 숙소 - 스위트 메이 호텔, 코스 - 제주도 올레길 등
바. 참가비용 : 1차 - 78만원, 2차 88만원 (숙식, 의류, 항공 일체 포함)
사. 참가방법 : https://20sesang.net/notice/?idx=162480742&bmode=view
                      홈페이지 내 신청서 작성 후 (20sesang@naver.com) 메일 발송
 
문의 | 20세상 청년국토대장정 kwb4255@gmail.com“6 -
|        prow He hee  i  eet
gee cok. mle Atay ne 알아 이 오오 2 - 내  그 그 개",[채용/모집],2025-05-15,2025-05-20 00:06:29,홈페이지 공지사항
127230,2026년도 일본 정부(문부과학성) 장학금 연구유학생 및 일한공동고등교육 유학생 교류사업(석사·박사학위 과정) 선발 안내,"2026년도 일본 정부(문부과학성) 장학금 연구유학생 및 일한공동고등교육 유학생 교류사업(석사·박사학위 과정) 선발을 주한일본대사관 공보문화원의 요청에 따라 안내하오니, 많은 지원 바랍니다.

1. 자격 및 조건
가. 연령: 1991년 4월 2일 이후 출생한 대한민국 국적 소지자
나. 학력: 일본의 대학 졸업 또는 졸업예정자와 동등한 자격을 가진 자 등
다. 기간: 원칙적으로 2026년 4월부터 2년간이며, 10월(또는 9월)부터는 1년 6개월간
(단, 상위과정 진학 시 연장 가능)
라. 장학금: 학비 및 항공요금 지급 외에 매월 약 143,000엔(모집요강 참조) 지급 등
마. 인원: 미정(2025년도 : 이공계 분야 14명, 그 외 분야 21명 선발)

2. 지원방법: 지원자가 직접 하단의 제출서류를 2025년 5월 21일(수)까지 주한일본대사관 공보문화원 이메일(yuhak@so.mofa.go.jp)로 제출

3. 제출서류
① 연구유학생 응모자 Excel 파일(증명사진 파일 첨부)
② 영어(TOEFL ibt), 일본어(JLPT N1 또는 EJU) 성적 증명서(해당자만)
③ 신분증 사본
④ 전공 분야  및 연구 계획
 
4. 시험 예정
가. 필기시험
- (일정): 2025년  6월  8일(일)
- (장소): 서울 및 제주시험장 예정 
- (내용): 영어, 일본어  
- (결과 발표):  6월 23일(월) 예정
 나. 면접시험
- (일정): 7월 말 예정
- (장소): 주한일본대사관 예정
 
5. 결과 발표: 최종 합격자 결과 발표는 내년 1월경까지 홈페이지를 통해 안내 예정
 
6. 기타사항: 자격 및 제출서류 등은 반드시 별첨 모집요강 및 주한일본대사관 홈페이지(https://www.kr.emb-japan.go.jp/itprtop_ko/index.html) 공지사항 참조. 지원 절차 및 선발 일정을 충분히 숙지하고 지원할 것.

7. 문의처: 주한일본대사관 공보문화원 (전화 02-765-3011/3 <내선 145>, 이메일: yuhak@so.mofa.go.jp)",[장학],2025-05-15,2025-05-20 00:06:29,홈페이지 공지사항
127227,외교부 2025 믹타 청년대화 행사 안내,"외교부에서 다음과 같이 믹타 청년대화 행사를 진행하오니, 학우분들의 많은 관심 부탁드립니다.
1. 사업명 : 2025 믹타 청년대화(MIKTA Youth Dialogue) 
2. 기간 : 2025년 7월 23일(수) ~ 2025년 7월 25일(금)
3. 대상 : 믹타 회원국 외국인 대학(원)생 (멕시코, 인도네시아, 튀르키예, 한국, 호주)
4. 신청 기간 : 2025년 5월 8일(목) ~ 2025년 6월 1일(일)
5. 참가 신청 : https://forms.gle/WoVDW7GVqDJzVhgC6
6. 문의 이메일 : mikta.youthduialogue@gmail.com

문의 | 010-5526-9618",[채용/모집],2025-05-15,2025-05-20 00:06:29,홈페이지 공지사항
127225,[학생성공센터] SKKU 비교과 가이드 안내 (비교과 참여 후기+설문조사 참여시 기프티콘 증정),"[학생성공센터] SKKU 비교과 가이드 안내 

- 웹사이트 주소: https://studentsuccess.oopy.io/
- 주요 내용:· 비교과 프로그램 소개· 참여 꿀팁 안내: 참여 후기, 선배들의 비교과 참여 우수 사례· 핵심역량별·운영시기별·유형별 맞춤 가이드
- 정보 기준 연도: 2024년 운영 프로그램 기준
- 설문조사 이벤트 안내: SKKU 비교과 가이드 웹사이트를 방문하고 설문에 응답해주신 분들 중**우수 응답자 50명을 선정해 스타벅스 기프티콘(5,000원권)**을 드립니다! 
- 설문 참여 방법
웹 페이지에서 2024년도에 내가 참여했던 비교과 프로그램에 대한 후기를 남긴 뒤 캡처하기
캡처한 이미지를 업로드하고 간단한 설문에 응답하면 완료!(1인 1개 이상 후기 가능)
- 참여 기간: 2025년 5월 15일(목) ~ 5월 29일(목)
- 설문 바로가기: https://tally.so/r/w2ZGxD

여러분의 소중한 참여가 더 나은 비교과 프로그램을 만듭니다! 

-문의: 02-740-1768, stusuccess@skku.edu, 학생성공센터SKKU 비교과 가이드 웹 페이지 안내                    ae
비교과 프로그램           one
=         — -ㅡ|
스
수상자들의 꿀팁 공개!
학생성공스토리 공모전 수상자들이 전하는 리얼한
비교과 참여 노하우!
>, 클릭 한 번으로 정보 확인!
W ~ 선빼들이 참여한 비교과 프로그램을 클릭하면 바로
상세 정보 확인 가능!
비교과 프로그램에 대해 무엇이든 확인하세요
비교과 프로그램이란? 수강료? 3품 인증제 연계? 학생성공
역량? 비교과에 대해 모두 알려드려요
생생한 후기도 함께!
8   진짜 도움이 되는 참여 후기를 통해 비교과에 대한 걱정, My
사라질거에요
S
E> SKU Hatz} 7HO1E SAFO[EOH BSStAla [EE]
FR 이용 후기설문조사에참여하시면      ae
2) 커피 기프티콘을 드려요                             바나
(Spek a",[행사/세미나],2025-05-15,2025-05-20 00:06:29,홈페이지 공지사항
127223,[미래인문학소셜앙트레프레너십융합전공] (~5/22) AI 리터러시 연구 참가자 모집,"안녕하세요, 성균관대학교 문과대학 미래인문학소셜앙트레프레너십융합전공입니다.

본 전공에서 ""문학 작품 독서 중 디지털 도구 활용이 독서 경험과 이해도에 미치는 영향""을 주제로 AI 리터러시 연구참가자를 모집 중에 있습니다.
관심있는 분들의 많은 참여 부탁드립니다.

●모집 대상
- 성균관대학교 학부생 (휴학생 가능, 디지털 도구 사용 경험 유무 무관)

●일정 및 장소
- 신청 기간: 2025.5.15.(목) ~ 2025.5.22.(목)
- 시행 일시 (아래 두 일정 중 원하는 날짜를 선택해 1회 참여)
①2025.5.26.(월) 오후 3시
②2025.5.29.(목) 오후 3시
- 소요 시간: 1시간
- 시행 장소: 성균관대학교 경영관 강의실 (추후 개별 안내)

●참여 혜택
- 1만원 상당의 모바일 기프티콘 지급 (참여 후 문자 또는 메일로 발송 예정)

●참가 신청 링크
https://docs.google.com/forms/d/1rzhvYYy3MPX1uaM69paXSeKN4sLAe8LOISUJ-QCy0jk/viewform?edit_requested=true

●문의
chypark@skku.edu, ruangel@skku.edu.
Loark
ㆍ섬균관대학교 미래인문학소셜앙트레프레너십 융합전공메서는 시 리터리/| 연구
참가자를 모집합니다. 본 연구는 문학 작품 독서 줌 디지털 도구 활용미 독서 경험과
미해도메 미지는 영향을 살펴보고자 합니다. 관심있는 분들미 많은 참여 부탁드립니
다.
* 모집 대상
ㆍ 대상: 섬균관대학교 학부생(휴학생 가능, 디지털 도구 사용 경험 유무 무관)
* 일점 및 장소
ㆍ 신첨 기간 : 2025년 5월 15일(목) ~ 5월 22일(목)
ㆍ 시행 일/1 : 2025년 5월 26일(월) 모루 3,
또는 2025년 5월 29일(목) 오후 31
* 원하는 날짜를 선택해 1회 참며
ㆍ 소요 시간: 1시관
ㆍ 시행 잠소 : 섬균관대학교 경영관 강이실(주후 개별 안내)
ㆍ잠며 혜택
ㆍ 1만원 상당의 모바일 기프티콘 지급(참여 후 문자 또는 메일로 발송 메점)
ㆍ잠가신점 코드. |0660809     rhe.
오사                    re
ERR PSs               ve
cee    이베 수
ee                         #
미에 에               ale             oe
""         일 20
ㆍ 연구 관련 문이연락처 : 아7ㅁ8「@611<4.604, 「480961@61104.60|  0    2          ‘
ay         =",[채용/모집],2025-05-15,2025-05-20 00:06:29,홈페이지 공지사항
127222,[한국장학재단] 25-2학기 1차 주거안정장학금 신청 안내,"eo
ㅇㅇ ABE!                                                                                 Coed
신청하세요
주거안점장학금미란?
@ 원거리 대학에 다니는
(@ 기초 차상위학생에게
[주거관련 비용]을 월 최대 20만원 지원하는 장학금
2매0423[=90터00239!
서류제출 및 가구원 동의기간                                지원금액 및 지급방식
'25. 5. 23 (금) 9시 - 6. 30 (월) 18시          학기 중 최대 월 20만원 한도 내 주거관련 비용 지원 ex! aH aco! 18)
te un oe He 34 Be WIR MIL TIPE Bal we                 ~ 학생이 제춤한 주거안정장학금 지금 요청서 검토 a 7 eI OIA,
syaol xi wig lum ik Xie cee, ste 도네
신첨대삼                                                                             _
.@ 재하생 중 @ 기초차상위 학생 @ 원거리 진학자                    주거 관련 사용 가능 비용
'@ 단 230M ofst ze at                  aD op   EE
000-08                            0664            매트. ㅣ 7494908  , 000.          소만
jae == 어도 | | 수리40스096 | | 29비을
> cman ig woul eax71
QUAN: 952 / 4 BA / CAPR / BR / CREEL              신첨방법
un: 2340148 미고 있니                               한국장학재단 누리집 및 모바일맵에서 신청
@ax 8g Bx we                                            ve OSA hg Bol etal
429 1599-20002""                   www.kosaf.gakr                Bee Ea",[장학],2025-05-15,2025-05-20 00:06:29,홈페이지 공지사항
127220,[글로벌 학습경험 확대] WAVE 글로벌 공동강의 특강 안내 (강연자: Ness B. Shroff 교수),"성명: Ness B. Shroff
Affliations: He is a chaired professor in depts. of Electrical and Computer Engineering and Computer Science and Engineering, and director of NSF AI-EDGE Institute at OSU, USA. NSF AI-EDGE Institute is developed in 2021 using 20 million USD funding for 5 years by NSF, USA. Ongoing research in NSF AI-EDGE for distributed AI-native 6G is inline with this project goals and research objectives. It is a great opportunity for joint research and develop strong connection for continuous research collaborations.
Awards: Selected top three: 1) NSF CAREER awardee; 2) On the list of highly cited researchers from Thomas Reuters ISI (2014 and 2015); 3) In the Thomas Reuters book on the worlds’ most influential scientific minds (2014).
Previous positions and honours: Selected best two: 1) Guest chaired professor at Tsinghua University, China; 2) Guest professor at Shanghai Jiaotong University, China.

WAVE 공동강의 일정 및 내용

1. Computer Networks (Undergraduate Course, 90 students) 
Date: May 19, Monday
Time: 6:30 PM - 7:45 PM (KST) 
Session: Internet Routing Protocols & Introduction to Wireless Ad-Hoc Routing (Recorded lecture videos 18&19 streaming, Live Q&A (~15mins))
Pre-recorded Video 
2. Algorithm Design (Graduate Course, 30 students)
Date: May 20, Tuesday
Time:  6:30 PM - 7:45 PM (KST)
Session: Routing & Decentralized Algorithms (Recorded lecture videos 14&17 streaming, Live Q&A (~15mins))
Pre-recorded Video


Each session will run for 90 minutes. Please join the session using the following Zoom details:

Meeting ID : 7226722600
Passcode : 7226
Link:https://skku-edu.zoom.us/j/7226722600?pwd=Z04wSVRZWDFHZXF5d3RDaXYrTE9yQT09ae:

Bos
ej
=",[행사/세미나],2025-05-15,2025-05-20 00:06:29,홈페이지 공지사항
